,regime,prob_bear,prob_bull,log_return,downside_dev,regime_label
1972-08-31,1,4.488663179481651e-06,0.9999955113368205,-0.02037144043838369,0.006997300876998632,Bull
1972-09-29,1,1.904505786027568e-06,0.9999980954942139,0.01042905872000788,0.006997300876998632,Bull
1972-10-31,1,2.2696427359312717e-09,0.9999999977303573,0.0663900622134793,0.006997300876998632,Bull
1972-11-30,1,4.454515284647841e-30,1.0,-0.0015803260086251266,0.009491857107672636,Bull
1972-12-29,1,7.456504987985135e-33,1.0,-0.0479949395866682,0.02334694855260039,Bull
1973-01-31,1,4.318540140666062e-31,1.0,-0.040513719923257946,0.020912454966115223,Bull
1973-02-28,1,9.281791533302186e-42,1.0,-0.015709245685767915,0.021570327819845705,Bull
1973-03-30,1,3.0359601627803216e-37,1.0,-0.04796885304891791,0.021013693042500472,Bull
1973-04-30,1,2.9447896704033106e-36,1.0,-0.02375312504729501,0.01901124887488703,Bull
1973-05-31,1,5.353178068700479e-15,0.9999999999999947,-0.023932530344691918,0.013939012352755622,Bull
1973-06-29,1,4.794819339357e-22,1.0,0.07168972767932738,0.01334893533506741,Bull
1973-07-31,1,1.7858101242677877e-14,0.9999999999999822,-0.01884753541818686,0.012737757135866647,Bull
1973-08-31,1,5.047205852939207e-15,0.9999999999999949,0.07526696804928475,0.01310900327260089,Bull
1973-09-28,1,0.04783605912402274,0.9521639408759772,-0.0079571274115438,0.007490450565046027,Bull
1973-10-31,1,0.2312003926542816,0.7687996073457184,-0.14191784789212442,0.06285696942245647,Bull
1973-11-30,1,2.7816987317016426e-80,1.0,0.016323097225249102,0.07439800336776523,Bull
1973-12-31,1,2.096547430984999e-75,1.0,0.027733572261283826,0.07439800336776523,Bull
1974-01-31,1,3.2099217173312697e-86,1.0,0.004291896087342259,0.09472453386445417,Bull
1974-02-28,1,1.25329251880307e-26,1.0,-0.020600765034377248,0.07396302093741086,Bull
1974-03-29,1,6.86992018293569e-06,0.999993130079817,-0.05485411373617145,0.06254494423423133,Bull
1974-04-30,0,0.9180637014344979,0.08193629856550212,-0.04910002035605813,0.018342160186321777,Bear
1974-05-31,1,0.00016980021542727807,0.9998301997845728,-0.021596709448903552,0.017986309603564562,Bull
1974-06-28,1,0.0020501775342694423,0.9979498224657305,-0.0709053900758563,0.021882763655841086,Bull
1974-07-31,1,0.031032216986453327,0.9689677830135467,-0.10118284618011947,0.030648669579474836,Bull
1974-08-30,1,5.524501756869918e-62,1.0,-0.1092027138686436,0.03313690256728279,Bull
1974-09-30,1,4.278822862268594e-35,1.0,0.1629312905730225,0.036362549115607073,Bull
1974-10-31,1,7.148037448810764e-48,1.0,-0.03329461370270658,0.03924926880463517,Bull
1974-11-29,1,2.1038729383579296e-47,1.0,-0.02448626501371052,0.038421813050691,Bull
1974-12-31,1,5.66569288503315e-28,1.0,0.16712289093032076,0.044320799606659106,Bull
1975-01-31,1,4.604856303981838e-34,1.0,0.05420785134551461,0.04657700323839967,Bull
1975-02-28,1,8.306707961485162e-92,1.0,0.04665020373088099,0.006228443089044752,Bull
1975-03-31,1,1.220854863425682e-89,1.0,0.049438023657462304,0.006228443089044752,Bull
1975-04-30,1,1.5240140741672711e-61,1.0,0.0535445661944035,0.030779668115719864,Bull
1975-05-30,1,4.828223775870279e-67,1.0,0.061732862274516666,0.02341208684172086,Bull
1975-06-30,1,2.448769638331923e-77,1.0,-0.060660123983315425,0.02336473756568577,Bull
1975-07-31,1,1.2179789218527935e-65,1.0,-0.01879230125628297,0.029605021363800898,Bull
1975-08-29,1,4.740569426770178e-75,1.0,-0.03552360967383033,0.021074058353404767,Bull
1975-09-30,1,5.741352390487647e-66,1.0,0.052723781629317,0.021074058353404767,Bull
1975-10-31,1,2.8852002199037133e-67,1.0,0.02724143732327221,0.021074058353404767,Bull
1975-11-28,1,1.709288949159607e-65,1.0,-0.003313482222410042,0.02454658680154602,Bull
1975-12-31,1,2.7739547193167348e-62,1.0,0.12434179899598283,0.016109121797309008,Bull
1976-01-30,1,8.662783346613675e-65,1.0,0.0066374799070547975,0.022775999543782253,Bull
1976-02-27,1,3.4550534002561844e-62,1.0,0.024630523139072633,0.023079829154702337,Bull
1976-03-31,1,5.137875698845281e-82,1.0,-0.0131563466878568,0.006959956209817505,Bull
1976-04-30,1,7.54531991097047e-83,1.0,-0.007925298763899313,0.004924677571175743,Bull
1976-05-28,1,4.352970514851226e-77,1.0,0.058128203411636624,0.003698909459742151,Bull
1976-06-30,1,8.861374776139424e-84,1.0,-0.010152697355776922,0.002625105590890336,Bull
1976-07-30,1,5.6377549150858625e-80,1.0,-0.00240740172248931,0.004539857617582541,Bull
1976-08-31,0,0.9999559464425261,4.405355747390175e-05,0.02579434316911639,0.004539857617582541,Bear
1976-09-30,0,0.999999951660256,4.833974402264208e-08,-0.023339458482314227,0.008874289106380185,Bear
1976-10-29,0,0.9999999430101766,5.698982336467657e-08,0.02089947132460184,0.01058325149825509,Bear
1976-11-30,0,0.9999999999999463,5.374423882725187e-14,0.058886278534260754,0.01058325149825509,Bear
1976-12-31,0,0.9999999999999134,8.655881720201364e-14,-0.03933925269470782,0.01852073626717556,Bear
1977-01-31,0,0.9999999999998495,1.5053031652310413e-13,-0.016097315846760746,0.011892782637918153,Bear
1977-02-28,0,0.9999999945151226,5.484877486751109e-09,-0.0008373695199155546,0.015995402075835878,Bear
1977-03-31,0,0.9999999918214066,8.178593312270762e-09,0.009632201010353074,0.019388349587434836,Bear
1977-04-29,0,0.9999999911008255,8.899174533645714e-09,-0.009852667453374729,0.016444802973198863,Bear
1977-05-31,0,1.0,6.922382631341851e-19,0.04218024459610369,0.016444802973198863,Bear
1977-06-30,0,1.0,7.215260481661264e-19,-0.0180537522522749,0.007749335788520317,Bear
1977-07-29,0,1.0,6.688276379111553e-18,-0.01941383133532329,0.008579470780899946,Bear
1977-08-31,0,0.9999999998598228,1.4017713465995567e-10,-0.002837653342098612,0.00772459938366338,Bear
1977-09-30,0,0.9999999987616983,1.2383016737685213e-09,-0.04187673098176825,0.014727083267836847,Bear
1977-10-31,0,0.9999999988356815,1.1643185493096222e-09,0.04646485363519442,0.016083933279953073,Bear
1977-11-30,0,0.9999999999998376,1.6237810029844956e-13,0.00739359317345797,0.016083933279953073,Bear
1977-12-30,0,0.9999999999778415,2.2158521211591812e-11,-0.059197027486599295,0.0247697321027961,Bear
1978-01-31,0,0.9999999999965055,3.49457856830059e-12,-0.0120022158439813,0.026147414490541563,Bear
1978-02-28,0,0.9999999999995485,4.515558833276072e-13,0.04366158833797977,0.0238740778939394,Bear
1978-03-31,0,0.6634388490578265,0.3365611509421736,0.07941843672217105,0.033371771349317014,Bear
1978-04-28,0,0.7702977479394962,0.22970225206050376,0.028282459229462504,0.033371771349317014,Bear
1978-05-31,0,0.955509158373612,0.04449084162638789,-0.013118105250299978,0.026931587803198202,Bear
1978-06-30,0,0.9990280129918283,0.0009719870081716876,0.055253128251070274,0.0007890529662621682,Bear
1978-07-31,0,0.9863616560905555,0.013638343909444522,0.03415442408769607,0.01543934982861857,Bear
1978-08-31,0,0.9905873826245416,0.009412617375458386,-0.007511055921214582,0.003964782603043765,Bear
1978-09-29,1,2.9775440329526904e-11,0.9999999999702246,-0.12402124610933367,0.06570840899033793,Bull
1978-10-31,1,5.300317524486988e-12,0.9999999999946997,0.031826639041335605,0.06570840899033793,Bull
1978-11-30,1,4.0189232852450635e-18,1.0,0.011140205663298578,0.08238514555935336,Bull
1978-12-29,1,3.024542467569502e-17,1.0,0.05721764151448151,0.08238514555935336,Bull
1979-01-31,1,6.836671781068435e-11,0.9999999999316334,-0.03276395934748149,0.06129195969057029,Bull
1979-02-28,1,8.611355941943645e-11,0.9999999999138864,0.06886695696992565,0.06452864630199102,Bull
1979-03-30,1,0.009393182763353988,0.990606817236646,0.005838243314018907,0.018566767527222937,Bull
1979-04-30,1,0.01815121543201335,0.9818487845679866,-0.010977108181674543,0.01540563020004413,Bull
1979-05-31,1,0.006902421214894929,0.9930975787851051,0.04860574575790557,0.01540563020004413,Bull
1979-06-29,1,0.005483030072484547,0.9945169699275155,0.025780810872578885,0.01540563020004413,Bull
1979-07-31,1,0.005705675958558874,0.9942943240414411,0.06597885518500626,0.0163328780213498,Bull
1979-08-31,1,0.0025112416546129715,0.997488758345387,-0.003608130633280267,0.005210653994881013,Bull
1979-09-28,1,9.7113044072434e-08,0.999999902886956,-0.07990067539638214,0.0420818890857238,Bull
1979-10-31,1,1.3329018542359829e-08,0.9999999866709814,0.05662947722068703,0.053946975755967554,Bull
1979-11-30,1,7.665210449721779e-09,0.9999999923347895,0.028295957129229846,0.053946975755967554,Bull
1979-12-31,1,3.2650236032008826e-08,0.9999999673497639,0.05222931868795391,0.053946975755967554,Bull
1980-01-31,1,0.00024032982544071072,0.9997596701745594,-0.02751262079563563,0.039022398058044486,Bull
1980-02-29,1,2.4958478626691832e-05,0.9999750415213733,-0.10321302023401958,0.03876967062410728,Bull
1980-03-31,1,3.1426019860781214e-07,0.9999996857398014,0.053223778862727264,0.05352826578141161,Bull
1980-04-30,1,2.3656833607414302e-08,0.9999999763431664,0.07636106418007627,0.05352826578141161,Bull
1980-05-30,1,5.7419617960718885e-08,0.9999999425803819,0.032248257863550824,0.05352826578141161,Bull
1980-06-30,1,8.549164553659384e-09,0.9999999914508355,0.06762376191255505,0.05352826578141161,Bull
1980-07-31,1,0.0015752320916573909,0.9984247679083426,0.015157288343430634,0.03303558462781832,Bull
1980-08-29,1,0.08592013613089304,0.9140798638691069,0.021926640500601276,0.012543048711868546,Bull
1980-09-30,0,0.9887190141265259,0.01128098587347418,0.008203374199508836,0.014218306437292206,Bear
1980-10-31,0,0.9999961629218933,3.837078106727958e-06,0.050046553863940246,0.011279424004104385,Bear
1980-11-28,0,0.9999950318673732,4.968132626765856e-06,0.004688843928738048,0.012635682693691818,Bear
1980-12-31,0,0.9999999826855549,1.7314445053352354e-08,-0.009957050343979784,0.010128256837492302,Bear
1981-01-30,0,0.9999999870482981,1.295170203844071e-08,0.02552645981739421,0.010354386706629604,Bear
1981-02-27,0,0.9999999708998653,2.9100134742959556e-08,0.06693903050407493,0.014662366319134678,Bear
1981-03-31,0,0.9995615482230082,0.0004384517769918152,-0.0011648759702187034,0.006217006121061047,Bear
1981-04-30,0,0.9999999114231921,8.857680789464855e-08,0.01840153765087245,0.006217006121061047,Bear
1981-05-29,0,0.9999998720665533,1.2793344673584496e-07,-0.006406054576274839,0.004423080644781795,Bear
1981-06-30,0,0.9999999999999993,7.036782761452272e-16,-0.01446966528577065,0.0067021040177208694,Bear
1981-07-31,0,0.9999997630946438,2.3690535623122635e-07,-0.05302338999492397,0.023484711901079876,Bear
1981-08-31,0,0.999996891885711,3.108114289098467e-06,-0.043273721613592886,0.02310356007804318,Bear
1981-09-30,0,0.9999921638876456,7.836112354347062e-06,0.05089804379910368,0.022376591257039023,Bear
1981-10-30,0,0.9999925723296061,7.427670393918329e-06,0.03616709628989909,0.022376591257039023,Bear
1981-11-30,0,0.9745947176987483,0.02540528230125177,-0.022917997283226497,0.017802583801960918,Bear
1981-12-31,1,0.4995093300738313,0.5004906699261688,-0.014614435295238946,0.017751285990911386,Bull
1982-01-29,1,0.12160277327843058,0.8783972267215695,-0.02500393269032956,0.012078691005669887,Bull
1982-02-26,1,0.07317329721465513,0.9268267027853448,0.006851851978351913,0.005496088371644459,Bull
1982-03-31,0,0.9432864014109205,0.056713598589079525,0.04003549357488634,0.005496088371644459,Bear
1982-04-30,0,0.9548907325808595,0.04510926741914047,-0.04200888566423937,0.01149394144819477,Bear
1982-05-28,0,0.9729627362719423,0.027037263728057755,-0.004845864629884132,0.01589137293722765,Bear
1982-06-30,0,0.8777573377929625,0.1222426622070376,-0.02521626390522028,0.015203060718972778,Bear
1982-07-30,1,0.31944498139924854,0.6805550186007514,0.11900454211649293,0.01861019185185914,Bull
1982-08-31,0,0.756823318508321,0.2431766814916791,0.018290032140143672,0.01861019185185914,Bear
1982-09-30,1,0.17190577392230463,0.8280942260776954,0.11816871203790079,0.01861019185185914,Bull
1982-10-29,1,0.21688359653543823,0.7831164034645617,0.04584839725199442,0.014404047463067723,Bull
1982-11-30,0,0.851881524317566,0.14811847568243408,0.01670930380163184,0.02931593947193218,Bear
1982-12-31,0,0.9999733091392279,2.669086077205132e-05,0.023277789091940188,0.024463687566754305,Bear
1983-01-31,0,0.9999901112235661,9.88877643390006e-06,0.03140933424021904,0.01933967998259198,Bear
1983-02-28,0,0.9986317934906208,0.0013682065093792552,0.03511056374754916,0.018586365301378176,Bear
1983-03-31,0,0.9999979232959932,2.0767040067691697e-06,0.05971160952915232,0.007786219202872755,Bear
1983-04-29,0,0.9999979071166979,2.092883302182646e-06,0.014827757604286177,0.00825448063889981,Bear
1983-05-31,0,0.9999999999973082,2.6918446047126553e-12,0.02390223249263851,0.007785041250506571,Bear
1983-06-30,0,0.9999999999951865,4.8134273675880894e-12,-0.023922076971302976,0.013843529405057243,Bear
1983-07-29,0,0.9999999999947362,5.263742578530329e-12,-0.00345450706760232,0.014472757473316425,Bear
1983-08-31,1,3.2354155571602886e-13,0.9999999999996765,0.03358706636422813,0.014472757473316425,Bull
1983-09-30,1,4.5860458416917776e-12,0.9999999999954139,-0.018748941708817204,0.010642700763130572,Bull
1983-10-31,1,7.577038663029096e-10,0.9999999992422961,0.03150778432691071,0.010642700763130572,Bull
1983-11-30,1,1.000335016314487e-07,0.9999998999664984,-0.015208086372681975,0.00869013038042933,Bull
1983-12-30,1,1.0565841374531736e-07,0.9999998943415862,-0.017942817741303692,0.00708662914505103,Bull
1984-01-31,1,1.2185392306106605e-08,0.9999999878146077,-0.05333492019760388,0.018081096320554962,Bull
1984-02-29,1,4.162028863172749e-12,0.999999999995838,0.012747123660057293,0.018081096320554962,Bull
1984-03-30,1,2.1852027442166002e-11,0.9999999999781479,-0.001681063941075852,0.022040268011345808,Bull
1984-04-30,1,1.0351782420491774e-06,0.999998964821758,-0.04733275684377177,0.022186873339065234,Bull
1984-05-31,1,0.0004084255888069148,0.9995915744111931,0.03463262173175412,0.024442173200845328,Bull
1984-06-29,1,0.0007714156725933935,0.9992285843274067,-0.027899548423352405,0.023274164058263234,Bull
1984-07-31,1,0.002922007192933163,0.9970779928070669,0.10344167048721029,0.022909734404618236,Bull
1984-08-31,1,0.00102058882913664,0.9989794111708634,0.011932289088348355,0.022909734404618236,Bull
1984-09-28,1,0.0002285291049272372,0.9997714708950728,0.0048373265046970735,0.01374135345429005,Bull
1984-10-31,1,2.315773980585414e-05,0.9999768422601942,-0.003319243374520231,0.01738090038366316,Bull
1984-11-30,1,8.39491455939891e-05,0.999916050854406,0.02388634557877733,0.01738090038366316,Bull
1984-12-31,1,0.0005795088244771589,0.9994204911755228,0.0744664851861426,0.021530286593020396,Bull
1985-01-31,1,0.0010754505347000732,0.9989245494652998,0.02163846251675897,0.013771446776654983,Bull
1985-02-28,1,0.0027702343207719003,0.997229765679228,0.008619300570600372,0.013911329912929328,Bull
1985-03-29,1,0.003331359514510664,0.9966686404854894,-0.002353554425977195,0.000682845204031688,Bull
1985-04-30,1,0.005995532090364326,0.9940044679096357,0.05619332397478795,0.014617689085047242,Bull
1985-05-31,1,0.0013923937240044601,0.9986076062759955,0.02610474936633923,0.014575151296781929,Bull
1985-06-28,1,0.0013832429446130686,0.9986167570553869,-0.011956255858410007,0.006790135300583015,Bull
1985-07-31,1,0.0004808046698394378,0.9995191953301605,-0.0007635808649081888,0.006055519028614951,Bull
1985-08-30,1,0.005661945387916026,0.994338054612084,-0.04476291512647721,0.020475163912760594,Bull
1985-09-30,1,0.017045623480596156,0.9829543765194039,0.05068645042740696,0.022867350383252036,Bull
1985-10-31,1,0.03905000631884455,0.9609499936811554,0.0656394593076986,0.022867350383252036,Bull
1985-11-29,1,0.050559159715535554,0.9494408402844645,0.03693040386558987,0.022867350383252036,Bull
1985-12-31,1,0.26499117213908313,0.7350088278609169,0.01809095433311474,0.031112227624049048,Bull
1986-01-31,1,0.01727063243513254,0.9827293675648675,0.0694784786491626,0.021204949288308537,Bull
1986-02-28,1,0.0006520956478616115,0.9993479043521383,0.056108203331061667,0.00961566415112759,Bull
1986-03-31,1,0.0005204534656562717,0.9994795465343437,-0.010621609855956298,0.015547707341542809,Bull
1986-04-30,1,0.00033938293549551563,0.9996606170645045,0.05260655533214767,0.014643864843060878,Bull
1986-05-30,1,0.0004075714453643433,0.9995924285546357,0.0162596576090564,0.015251041008039834,Bull
1986-06-30,0,0.6464617710885471,0.3535382289114529,-0.06225109858348379,0.036507561588429105,Bear
1986-07-31,0,0.9002436523589894,0.09975634764101055,0.06693439220290166,0.036507561588429105,Bear
1986-08-29,0,0.9960110150181115,0.003988984981888463,-0.07935172412650271,0.03578142932646954,Bear
1986-09-30,1,0.15686761503883448,0.8431323849611654,0.048673574010472884,0.012091968284000568,Bull
1986-10-31,1,0.005393605701924132,0.9946063942980757,0.004443653201602173,0.012091968284000568,Bull
1986-11-28,1,0.028723141538790256,0.9712768584612097,-0.025773666156396022,0.02736677659219727,Bull
1986-12-31,0,0.5562159670836531,0.443784032916347,0.10838180287034709,0.03788540811346839,Bear
1987-01-30,0,0.91023508356003,0.08976491643997002,0.04803247059055903,0.03788540811346839,Bear
1987-02-27,1,0.39117122823600325,0.6088287717639966,0.011517994840176583,0.02332820264076648,Bull
1987-03-31,1,0.1959550638907873,0.8040449361092128,-0.02851378648181793,0.0019375576633729197,Bull
1987-04-30,1,0.029609769892020552,0.9703902301079794,0.0031229995614951893,0.0019375576633729197,Bull
1987-05-29,1,0.017284897727106244,0.9827151022728938,0.049176557883749646,0.023771361821996653,Bull
1987-06-30,1,0.0032798567798573443,0.9967201432201426,0.04399554855408203,0.015675272156298315,Bull
1987-07-31,1,0.00584104072947819,0.9941589592705218,0.03694032029541978,0.01486950006155577,Bull
1987-08-31,1,0.0036924651208974316,0.9963075348791026,-0.022964790050587946,0.003923733005302673,Bull
1987-09-30,0,1.0,1.3586324820095133e-71,-0.2614246379070267,0.16861657546000025,Bear
1987-10-30,0,1.0,2.689556287631547e-29,-0.06168251350594276,0.12797075017983559,Bear
1987-11-30,0,1.0,4.541500714699159e-25,0.06718106878010212,0.12797075017983559,Bear
1987-12-31,0,1.0,6.431227443024749e-23,0.05542457086813594,0.12797075017983559,Bear
1988-01-29,0,1.0,3.9561678409128496e-21,0.061551098390261044,0.12797075017983559,Bear
1988-02-29,0,1.0,1.264531707550669e-22,-0.00014066426083328017,0.13659772469622286,Bear
1988-03-31,0,0.9614508434851813,0.03854915651481875,0.0026764711226434867,0.043516658927977125,Bear
1988-04-29,1,0.12715412334497098,0.872845876655029,-6.656594918135397e-05,5.2395418643551184e-05,Bull
1988-05-31,1,0.004083980562261569,0.9959160194377383,0.057929028741943445,5.2395418643551184e-05,Bull
1988-06-30,1,0.00016531663144767037,0.9998346833685523,-0.008975169477843867,0.005122128298212165,Bull
1988-07-29,1,0.0001930493414618377,0.9998069506585382,-0.01783437844345718,0.00848854844150149,Bull
1988-08-31,1,0.00030867648478793275,0.9996913235152121,0.03678263445042592,0.008883917690214582,Bull
1988-09-30,1,0.00010316254114745669,0.9998968374588525,0.010026608874159335,0.008883917690214582,Bull
1988-10-31,1,0.00012444124679043892,0.9998755587532095,-0.023164798250738236,0.007167571921866908,Bull
1988-11-30,1,3.942285309423373e-05,0.9999605771469058,0.02372917509944299,0.007167571921866908,Bull
1988-12-30,1,3.969175786887178e-05,0.9999603082421311,0.04968211932011991,0.0037691759922995256,Bull
1989-01-31,1,5.2689100900939496e-05,0.999947310899099,-0.008865133521543129,0.010111389898707957,Bull
1989-02-28,1,1.73534539264167e-05,0.9999826465460736,0.026019639661315038,0.010111389898707957,Bull
1989-03-31,1,7.345486945056412e-05,0.9999265451305495,0.04356618409801789,0.010111389898707957,Bull
1989-04-28,1,7.365633602243377e-05,0.9999263436639776,0.03773164092435793,0.01045427455363783,Bull
1989-05-31,1,0.00031366971280408836,0.9996863302871959,-0.0045425123628939105,0.0030565547337813134,Bull
1989-06-30,1,0.0013779279668246524,0.9986220720331754,0.06398724268218617,0.0030565547337813134,Bull
1989-07-31,1,0.0013089338356550274,0.9986910661643449,0.027967608612308632,0.011348898944972687,Bull
1989-08-31,1,0.0010505895291306768,0.9989494104708694,-0.007223732580418692,0.0018959089976662432,Bull
1989-09-29,1,0.02761951980742325,0.9723804801925767,-0.04837257055340478,0.024567898463121525,Bull
1989-10-31,1,0.006737656354946953,0.9932623436450531,0.007920106770868596,0.024567898463121525,Bull
1989-11-30,1,0.007174859246863871,0.9928251407531362,0.012345093499773328,0.029096622368644968,Bull
1989-12-29,0,0.8496987843855319,0.1503012156144681,-0.08425143012969857,0.03854388326043837,Bear
1990-01-31,0,0.8474210265881247,0.15257897341187532,0.019425039245094176,0.03854388326043837,Bear
1990-02-28,1,0.4327191106861985,0.5672808893138015,0.018413878628360268,0.02537018490763724,Bull
1990-03-30,0,0.7516588457630838,0.24834115423691613,-0.038962721558685534,0.032023952941744635,Bear
1990-04-30,0,0.535060272195657,0.46493972780434295,0.07810919861492241,0.032023952941744635,Bear
1990-05-31,1,0.4606302163044356,0.5393697836955643,-0.00845013748107565,0.03813991976552812,Bull
1990-06-29,1,0.013964561182119988,0.98603543881788,-0.02562082706407938,0.015296276870283867,Bull
1990-07-31,0,0.9961608289251845,0.003839171074815498,-0.10630952804859416,0.04284329551765563,Bear
1990-08-31,0,0.6131780871840392,0.3868219128159608,-0.07574729876432443,0.039595013392268855,Bear
1990-09-28,1,0.47903676644745086,0.520963233552549,-0.030819057091271626,0.04037470035518987,Bull
1990-10-31,0,0.9362427143666503,0.06375728563334969,0.0820298691247567,0.04037470035518987,Bear
1990-11-30,0,0.9829668730542599,0.01703312694574003,0.034155151352267016,0.038407637251717676,Bear
1990-12-31,0,0.9898858554688396,0.01011414453116047,0.056808921934366756,0.037972375845288,Bear
1991-01-31,0,0.9894305433943333,0.010569456605666666,0.08850284037168396,0.031769064353803673,Bear
1991-02-28,0,0.9601444840930776,0.03985551590692249,0.03855966047213352,0.02157623712410435,Bear
1991-03-28,0,0.9425476664970728,0.05745233350292723,0.007450524742524825,0.015391147885273444,Bear
1991-04-30,1,0.043587035776624185,0.9564129642233758,0.037864896918221626,0.013499113102671892,Bull
1991-05-31,1,0.043132497914606216,0.9568675020853937,-0.04200313373004156,0.022316758466653555,Bull
1991-06-28,1,0.013981732246860648,0.9860182677531394,0.03917441482271013,0.021583099314337835,Bull
1991-07-31,1,0.0010721023766324643,0.9989278976233675,0.02763310072943361,0.015921772485296533,Bull
1991-08-30,1,0.0035509879670676476,0.9964490120329322,-0.00822823151578971,0.02388246238961002,Bull
1991-09-30,1,1.4765196363367656e-05,0.9999852348036367,0.01905760761310494,0.02388246238961002,Bull
1991-10-31,1,9.054381032731881e-07,0.9999990945618967,-0.03669440887626012,0.018162460519219256,Bull
1991-11-29,1,4.818678431693417e-07,0.9999995181321568,0.09355572600479274,0.0201286270460476,Bull
1991-12-31,1,3.145758513285807e-05,0.9999685424148671,0.006299840713270198,0.0201286270460476,Bull
1992-01-31,1,3.821519031122838e-05,0.9999617848096888,0.009733299049602684,0.0201286270460476,Bull
1992-02-28,1,2.9848101537476695e-05,0.9999701518984625,-0.023040787119542477,0.009654568531931225,Bull
1992-03-31,1,0.00020181709797660244,0.9997981829020234,0.0102646693085246,0.009654568531931225,Bull
1992-04-30,1,0.00926118757914148,0.9907388124208586,0.01176805772872933,0.01961741857926178,Bull
1992-05-29,1,0.010458926296440109,0.9895410737035599,-0.012419787688627802,0.007510180720578228,Bull
1992-06-30,1,4.87610583578048e-05,0.9999512389416423,0.04399185287130871,0.007510180720578228,Bull
1992-07-31,1,0.0002607839897196422,0.9997392160102804,-0.01637186457828142,0.0053681012862178724,Bull
1992-08-31,1,0.0009629114297033,0.9990370885702967,0.020322664963729364,0.0027945403684447112,Bull
1992-09-30,1,0.0008833271877618713,0.999116672812238,0.015466064197464454,0.0027945403684447112,Bull
1992-10-30,1,0.0008107504271988048,0.9991892495728012,0.03826458312116135,0.0027945403684447112,Bull
1992-11-30,1,0.0006812553171146791,0.9993187446828854,0.029483680962932097,0.010774903832506216,Bull
1992-12-31,1,2.7808943765194237e-10,0.9999999997219107,0.02187249729042086,0.009355708754459546,Bull
1993-01-29,1,2.2556624850177214e-10,0.9999999997744338,0.0117430388946225,0.004831380045556939,Bull
1993-02-26,1,2.0227976778479588e-10,0.9999999997977203,0.03038801626264706,0.005001087237611997,Bull
1993-03-31,1,2.0694204074356224e-10,0.999999999793058,-0.020319182369161047,0.010527423497435053,Bull
1993-04-30,1,1.806247229708759e-07,0.9999998193752769,0.021687297728945582,0.009467424673352773,Bull
1993-05-28,1,2.037858165007552e-07,0.9999997962141834,0.009933909074704685,0.008878266306245632,Bull
1993-06-30,1,4.722010293517357e-05,0.9999527798970649,0.009859352096184793,0.00858129537101931,Bull
1993-07-30,1,4.3276767444966826e-05,0.999956723232555,0.03867416299223443,0.01034771675449905,Bull
1993-08-31,1,0.0002275198124945571,0.9997724801875054,-0.0011350826791981714,0.013565206981731495,Bull
1993-09-30,1,0.00010450355063775107,0.9998954964493622,0.003914022269159451,0.007183992927814006,Bull
1993-10-29,1,0.00037385051695288193,0.9996261494830472,-0.025060872094889643,0.016918087941076763,Bull
1993-11-30,1,1.550651206050513e-06,0.999998449348794,0.02786771449880975,0.016918087941076763,Bull
1993-12-31,1,0.0012744639819048443,0.9987255360180952,0.02042926918778718,0.016918087941076763,Bull
1994-01-31,1,0.0012115883894045427,0.9987884116105955,-0.02163040601223031,0.012937476410502306,Bull
1994-02-28,1,7.064479442941754e-05,0.9999293552055706,-0.03774677934628349,0.00848958017982263,Bull
1994-03-31,1,8.698890168393137e-06,0.9999913011098316,0.012121471803894416,0.00848958017982263,Bull
1994-04-29,1,1.2098544132342608e-05,0.9999879014558677,0.002445512056621598,0.011395996872643052,Bull
1994-05-31,1,1.5286211352997677e-05,0.999984713788647,-0.02445887815411568,0.008605289673536241,Bull
1994-06-30,1,1.8276145182178554e-07,0.9999998172385482,0.03157108170105164,0.008605289673536241,Bull
1994-07-29,1,1.9821616875049865e-07,0.9999998017838313,0.04060877993199923,0.009395965040718669,Bull
1994-08-31,1,6.40219045914523e-07,0.999999359780954,-0.017840169079988123,0.00468013406901653,Bull
1994-09-30,1,8.619209270988465e-08,0.9999999138079073,0.006159572097968316,0.00468013406901653,Bull
1994-10-31,1,7.250858181630298e-07,0.999999274914182,-0.03764623801290826,0.010082940513798681,Bull
1994-11-30,1,3.373152542609419e-06,0.9999966268474574,0.013808619721311349,0.014005005651116039,Bull
1994-12-30,1,3.287024608578368e-06,0.9999967129753914,0.018053252386211693,0.014005005651116039,Bull
1995-01-31,1,1.8470385664193233e-05,0.9999815296143358,0.03965823927272815,0.014005005651116039,Bull
1995-02-28,1,8.932520461061708e-05,0.9999106747953894,0.022019408961926817,0.013014699999296046,Bull
1995-03-31,1,0.00015117870603934818,0.9998488212939607,0.023010992051295438,0.013197207632732367,Bull
1995-04-28,1,0.00010838723018629008,0.9998916127698138,0.028698613384953078,0.004533907195112451,Bull
1995-05-31,1,0.00023416274575412157,0.999765837254246,0.025464844913224413,0.003754396531423205,Bull
1995-06-30,1,0.0006611293027705854,0.9993388706972295,0.03547577413280276,0.003554580292316354,Bull
1995-07-31,1,0.0001425660544427993,0.9998574339455572,0.010712063194234194,0.004105289828449645,Bull
1995-08-31,1,0.00022154663980537004,0.9997784533601947,0.025996910178956067,0.00407838416679084,Bull
1995-09-29,1,0.00047994789543175516,0.9995200521045683,-0.020410173424296612,0.01016681936214203,Bull
1995-10-31,1,0.002477499277228722,0.9975225007227714,0.04965486534867362,0.012033420362332823,Bull
1995-11-30,1,0.002205411298999399,0.9977945887010006,0.016541786399365974,0.012011233691237145,Bull
1995-12-29,1,0.0020642981495853844,0.9979357018504146,0.020597090167924385,0.011400205973379825,Bull
1996-01-31,1,0.0029960857119874077,0.9970039142880125,0.014641063096861265,0.011316617544751092,Bull
1996-02-29,1,0.006939414742157723,0.9930605852578422,0.013234264696278468,0.01115519659588838,Bull
1996-03-29,1,0.00649266636700743,0.9935073336329926,0.018656347838831355,0.0068499310875431265,Bull
1996-04-30,1,0.0005132167793566043,0.9994867832206433,0.01516691327450423,0.0013662196151934753,Bull
1996-05-31,1,0.0013112682360565178,0.9986887317639435,-0.007000639810748444,0.0049797572990234575,Bull
1996-06-28,0,0.5406208513103179,0.45937914868968227,-0.054756214206218595,0.033768290494495604,Bear
1996-07-31,0,0.6835583757825363,0.31644162421746375,0.03941688288056431,0.033768290494495604,Bear
1996-08-30,0,0.8451344565675135,0.1548655434324865,0.044726917046224224,0.033768290494495604,Bear
1996-09-30,0,0.9131737289576665,0.08682627104233351,0.014247252865831882,0.033768290494495604,Bear
1996-10-31,0,0.7666801471157422,0.2333198528842577,0.05509601933909461,0.033768290494495604,Bear
1996-11-29,0,0.8969873757281291,0.10301262427187083,-0.0008338230120548093,0.03812888847118699,Bear
1996-12-31,1,0.005167806269214408,0.9948321937307857,0.028856938165145868,0.010332400782905465,Bull
1997-01-31,1,0.00026282882773161843,0.9997371711722683,0.01549429547628113,0.010424895036405622,Bull
1997-02-28,1,0.010912601005527779,0.9890873989944722,-0.04024571506695179,0.027868416131409873,Bull
1997-03-31,1,0.0008658742456880344,0.999134125754312,0.02250432251958624,0.027868416131409873,Bull
1997-04-30,1,0.006489988793827328,0.9935100112061727,0.07121764016321334,0.027868416131409873,Bull
1997-05-30,1,0.000608108540094258,0.9993918914599057,0.04388218269785215,0.018506239855232566,Bull
1997-06-30,1,8.96423909882273e-05,0.9999103576090118,0.0615918835114711,0.020106682176747433,Bull
1997-07-31,1,0.00010444567270367207,0.9998955543272964,-0.021286672181723584,0.013406067788951433,Bull
1997-08-29,1,2.252017658513451e-06,0.9999977479823415,0.054111632404694326,0.016891572086471598,Bull
1997-09-30,1,2.5563164523350448e-05,0.9999744368354766,-0.0372745626951112,0.011305145798884458,Bull
1997-10-31,1,2.0042086494037045e-06,0.9999979957913506,0.026880634807887525,0.011305145798884458,Bull
1997-11-28,1,2.0146525735882578e-06,0.9999979853474265,0.02967219648109684,0.011305145798884458,Bull
1997-12-31,1,2.365674237825832e-05,0.9999763432576217,-0.00851256434151154,0.014410893006529852,Bull
1998-01-30,1,4.974862193592865e-05,0.999950251378064,0.07641041771027367,0.020337804076306636,Bull
1998-02-27,1,2.9101800960003615e-05,0.99997089819904,0.044344368127726484,0.020337804076306636,Bull
1998-03-31,1,4.223647663423048e-06,0.9999957763523365,-0.0073689125376841715,0.0008086839458025592,Bull
1998-04-30,1,7.844184014605401e-05,0.999921558159854,-0.029769098097508998,0.0126155755575059,Bull
1998-05-29,1,2.960286642083232e-05,0.9999703971335792,0.005446953324187681,0.0126155755575059,Bull
1998-06-30,1,0.003062759181454394,0.9969372408185456,-0.0543664394247061,0.023507321721035385,Bull
1998-07-31,0,0.9999999996908857,3.0911427753295354e-10,-0.16686120607858618,0.07083000502442513,Bear
1998-08-31,0,0.9999998900455355,1.0995446454881793e-07,0.05496028843971071,0.07083000502442513,Bear
1998-09-30,0,0.9999999531435314,4.6856468603443824e-08,0.06942102124340042,0.07309166367830294,Bear
1998-10-30,0,0.9999999981648475,1.8351524731370106e-09,0.04332765635332397,0.0795458123489569,Bear
1998-11-30,0,0.9999999992371018,7.628982950261884e-10,0.03895014819623056,0.0795458123489569,Bear
1998-12-31,0,0.9999999999999976,2.5403815083297154e-15,-0.028402210281778025,0.09790529484420273,Bear
1999-01-29,0,0.6088146219736456,0.39118537802635445,-0.03377335136613556,0.0037979702834588787,Bear
1999-02-26,1,0.05161308722966178,0.9483869127703383,0.0039050911946317602,0.0037979702834588787,Bull
1999-03-31,1,0.0023539545899870875,0.997646045410013,0.07572490004385932,0.0037979702834588787,Bull
1999-04-30,1,0.00039624406191662273,0.9996037559380834,0.008855617240464525,0.0037979702834588787,Bull
1999-05-28,1,0.00032000381270076353,0.9996799961872992,0.02803869160662781,0.0037979702834588787,Bull
1999-06-30,1,0.0005947277956650259,0.9994052722043348,-0.025406570391424705,0.0059162075639206365,Bull
1999-07-30,1,0.0013182929399341888,0.9986817070600658,-0.04139587966688154,0.011306149015164491,Bull
1999-08-31,1,0.0009489816072120729,0.999051018392788,-0.040545353498118594,0.008995963537623239,Bull
1999-09-30,1,0.00027415457894381225,0.9997258454210562,0.02725473092360126,0.008995963537623239,Bull
1999-10-29,1,0.0006953232428015194,0.9993046767571986,-0.0032952006781965327,0.017827208733943077,Bull
1999-11-30,1,6.984621088113262e-05,0.9999301537891189,0.01791862594213268,0.017827208733943077,Bull
1999-12-31,1,0.0012893233953643107,0.9987106766046356,-0.050337814828881555,0.02087426060318515,Bull
2000-01-31,1,0.0016762342850103152,0.9983237657149897,-0.0523885098534753,0.022823767652882337,Bull
2000-02-29,1,0.0013111084672166654,0.9986888915327833,0.11420803278010658,0.027770985764503795,Bull
2000-03-31,1,0.0010001326123553263,0.9989998673876447,0.013900166575931223,0.027770985764503795,Bull
2000-04-28,1,9.707821327940578e-05,0.9999029217867206,0.025772559504462604,0.0014500603580357488,Bull
2000-05-31,1,0.0005231577414634013,0.9994768422585366,-0.008349261824245962,0.024855245256239732,Bull
2000-06-30,1,0.000985697270466174,0.9990143027295338,-0.001344704864639985,0.027670649952969407,Bull
2000-07-31,1,0.0004970895890560192,0.9995029104109439,0.059629780350693246,0.004952969725344812,Bull
2000-08-31,1,0.00012435623522839278,0.9998756437647716,-0.0017924217854980839,0.003921233223007665,Bull
2000-09-29,1,0.00010286636590071305,0.9998971336340993,0.01146100663370456,0.003921233223007665,Bull
2000-10-31,1,0.000837021743755834,0.9991629782562441,-0.02901899935123011,0.01299566456760057,Bull
2000-11-30,1,0.00024664010279182226,0.9997533598972081,0.07330396073176614,0.015850097537631315,Bull
2000-12-29,1,0.0002300860524590506,0.999769913947541,0.011972901075043419,0.01925209762523064,Bull
2001-01-31,1,0.004538370414625838,0.9954616295853742,-0.019117757445914527,0.013780955294393887,Bull
2001-02-28,1,0.09577130245301536,0.9042286975469845,-0.04633576184409658,0.013776336099276554,Bull
2001-03-30,1,0.09966128076880744,0.9003387192311926,0.05793312742932694,0.013776336099276554,Bull
2001-04-30,1,0.09337802286316768,0.9066219771368322,0.03415607528286551,0.019246035480319806,Bull
2001-05-31,1,0.23945953780408988,0.7605404621959101,-0.007663758653973076,0.019864279844661607,Bull
2001-06-29,1,0.3839336700539019,0.6160663299460981,0.007501153004931573,0.019864279844661607,Bull
2001-07-31,1,0.4398407610622247,0.5601592389377753,-0.027938452470306095,0.01934359511689392,Bull
2001-08-31,0,0.9996286699204627,0.0003713300795371675,-0.0930962513630719,0.0446380121577757,Bear
2001-09-28,0,0.9991334311051788,0.0008665688948210898,0.015551762637098341,0.0446380121577757,Bear
2001-10-31,0,0.9997609770433349,0.00023902295666505469,0.07111520390292889,0.0446380121577757,Bear
2001-11-30,0,0.9997053886560981,0.00029461134390182733,0.03986712306960053,0.04607352144426402,Bear
2001-12-31,0,0.9997399631770775,0.0002600368229225436,0.0011167386184170716,0.04607352144426402,Bear
2002-01-31,0,0.8984334286525205,0.1015665713474794,0.0081052174347362,0.02767594718057183,Bear
2002-02-28,1,0.07145749928655543,0.9285425007134446,0.048467380413462664,0.013506049043904594,Bull
2002-03-28,1,0.0021446369555720855,0.9978553630444279,-0.003671102176165411,0.015064419120269446,Bull
2002-04-30,1,5.097190253829909e-05,0.9999490280974617,-0.012547407452492061,0.006276495652772506,Bull
2002-05-31,1,0.02342430026540736,0.9765756997345927,-0.0680510603419749,0.03489083760546629,Bull
2002-06-28,0,0.5696763487318061,0.430323651268194,-0.08960369848946781,0.041923365205160344,Bear
2002-07-31,0,0.7143860923164588,0.28561390768354117,0.008782665740521294,0.041923365205160344,Bear
2002-08-30,0,0.9954746266559118,0.004525373344088135,-0.0779638117328289,0.039448247646496584,Bear
2002-09-30,0,0.9091110007345394,0.09088899926546051,0.043538101309680326,0.03415149976743432,Bear
2002-10-31,1,0.00899864957600506,0.991001350423995,0.04655043185001392,0.010787846672382632,Bull
2002-11-29,1,0.011442497250710351,0.9885575027492897,-0.021895980754240655,0.036201803995712954,Bull
2002-12-31,1,0.016999911135489414,0.9830000888645105,-0.025136497583921433,0.03147704915266133,Bull
2003-01-31,1,0.015998174284857475,0.9840018257151425,-0.026289939557650233,0.026826066471630206,Bull
2003-02-28,1,0.016447423041349194,0.983552576958651,0.0162287340814369,0.0022780931966692483,Bull
2003-03-31,1,0.028159544746621277,0.9718404552533787,0.06642755185199076,0.0022780931966692483,Bull
2003-04-30,1,0.14239841778438458,0.8576015822156154,0.06645751915710564,0.0022780931966692483,Bull
2003-05-30,1,0.2562616617071056,0.7437383382928944,0.01278624772077058,0.0008156066413288305,Bull
2003-06-30,1,0.024164192220465845,0.9758358077795342,0.02751105891946401,0.01770501047894168,Bull
2003-07-31,1,0.0016122649348137312,0.9983877350651863,0.028482920887117808,0.012064925075634631,Bull
2003-08-29,1,0.0006062360000748981,0.9993937639999251,-0.006952173903235798,0.01464634882496471,Bull
2003-09-30,1,7.719164446908585e-05,0.9999228083555309,0.061268893477333226,0.014074715885674811,Bull
2003-10-31,1,5.0941041423497674e-05,0.9999490589585764,0.025789910623096556,0.011190181846732884,Bull
2003-11-28,1,4.9181660462747714e-05,0.9999508183395373,0.030148225513628033,0.010811878378590727,Bull
2003-12-31,1,6.772761162732249e-07,0.9999993227238837,0.011002609591352552,0.011339198999225322,Bull
2004-01-30,1,5.905700262581746e-07,0.9999994094299737,0.027400960402890872,0.011324517240898085,Bull
2004-02-27,1,7.134598646608074e-07,0.9999992865401354,0.002350104855921998,0.010116096040519005,Bull
2004-03-31,1,2.0405773681352196e-08,0.9999999795942264,-0.01534708107655304,0.00889981296646613,Bull
2004-04-30,1,3.709687199760736e-10,0.9999999996290313,0.013126424705286943,0.008390348384687604,Bull
2004-05-28,1,3.294211442258842e-10,0.9999999996705788,0.019793701008520917,0.007449894395299255,Bull
2004-06-30,1,0.0010421259194973848,0.9989578740805027,-0.03558504633880699,0.014310402474357555,Bull
2004-07-30,1,0.000389321501856133,0.9996106784981438,0.008015542866700665,0.014310402474357555,Bull
2004-08-31,1,9.703501460153998e-05,0.9999029649853985,0.023391961652324097,0.014310402474357555,Bull
2004-09-30,1,5.769368769009633e-05,0.99994230631231,0.011583525044229933,0.010735379563819205,Bull
2004-10-29,1,7.136360915215935e-05,0.9999286363908478,0.04991214075751862,0.013971184348203169,Bull
2004-11-30,1,0.00035064572255507145,0.9996493542774448,0.03439361793925691,0.014635929286672367,Bull
2004-12-31,1,0.001489432149367648,0.9985105678506324,-0.016305081916607508,0.011472611189107,Bull
2005-01-31,1,0.00013862220711880974,0.9998613777928812,0.01559303876893403,0.011228076281890206,Bull
2005-02-28,1,0.00994288117437668,0.9900571188256233,-0.014210106836079529,0.0014813710858581676,Bull
2005-03-31,1,0.0017686811027651103,0.9982313188972349,-0.02404135390145592,0.005178356297643353,Bull
2005-04-29,1,0.0005925367847037811,0.9994074632152962,0.03183645108990037,0.005178356297643353,Bull
2005-05-31,1,0.003862084379253794,0.9961379156207462,0.013887616821483616,0.005178356297643353,Bull
2005-06-30,1,0.001625691881242994,0.9983743081187569,0.03619672808995923,0.00695174146744799,Bull
2005-07-29,1,0.00260651276235685,0.9973934872376431,-0.011844439756182944,0.00646805630593584,Bull
2005-08-31,1,0.0008722960183841752,0.9991277039816158,0.0004449993711378175,0.008624520701672644,Bull
2005-09-30,1,0.007984475428978993,0.9920155245710209,-0.019847027965889358,0.005658684390126918,Bull
2005-10-31,1,0.043355861516489264,0.9566441384835107,0.036243419467973846,0.005658684390126918,Bull
2005-11-30,1,0.09265520274453867,0.9073447972554614,0.00026649432573819443,0.005658684390126918,Bull
2005-12-30,1,0.11928630374676355,0.8807136962532365,0.025951012446920673,0.005658684390126918,Bull
2006-01-31,1,0.013188406348345269,0.9868115936516547,0.004486655498486225,0.010061264511542808,Bull
2006-02-28,1,0.0027505243379962016,0.9972494756620038,0.01456688062300759,0.009948688484420607,Bull
2006-03-31,1,0.005847618315275799,0.9941523816847242,-0.00034374597240587626,0.007488122498490214,Bull
2006-04-28,1,0.018577769118298164,0.9814222308817019,-0.0241792725478946,0.016854262474680245,Bull
2006-05-31,1,0.0015522582519779135,0.9984477417480221,-0.0037549133478973454,0.012890066192776507,Bull
2006-06-30,1,0.00826496725357303,0.991735032746427,-0.004237144778557911,0.01083975092007027,Bull
2006-07-31,1,0.011929700804999726,0.9880702991950003,0.02229545671724151,0.01083975092007027,Bull
2006-08-31,1,0.013511756724372763,0.9864882432756272,0.019748519339734854,0.01083975092007027,Bull
2006-09-29,1,0.014458031321317788,0.9855419686786822,0.026180833358515235,0.011655295333393736,Bull
2006-10-31,1,6.651049883353608e-05,0.9999334895011665,0.017977599034944322,0.0003409891147213762,Bull
2006-11-30,1,2.1863347556826622e-07,0.9999997813665243,0.012724319811708115,0.005390873534251028,Bull
2006-12-29,1,2.285681682950269e-07,0.9999997714318317,0.0209402000596718,0.002252129189696536,Bull
2007-01-31,1,0.0010902360727929237,0.9989097639272071,-0.004812194523630259,0.0054228423378913,Bull
2007-02-28,1,0.00019200791542546336,0.9998079920845746,0.007004503178175223,0.005541556700020057,Bull
2007-03-30,1,0.00017182901491613088,0.9998281709850839,0.03414625687025782,0.006601823083810378,Bull
2007-04-30,1,0.0009769232620898242,0.9990230767379102,0.031086186354067995,0.0074221457047120055,Bull
2007-05-31,1,0.0031696066110859533,0.996830393388914,-0.024436932807363195,0.013876785519438807,Bull
2007-06-29,1,0.019879924645764737,0.9801200753542353,-0.045309593239313085,0.020251903651054174,Bull
2007-07-31,1,0.00175726584404885,0.9982427341559512,0.011384724790973303,0.014759199732835898,Bull
2007-08-31,1,0.0003875729990276703,0.9996124270009724,0.02526073761783793,0.014759199732835898,Bull
2007-09-28,1,0.00038392788669284805,0.9996160721133072,0.01377111910178705,0.014759199732835898,Bull
2007-10-31,1,0.006802908520783386,0.9931970914792168,-0.034452831382306905,0.010439152709797143,Bull
2007-11-30,1,0.035384682823570116,0.9646153171764299,-0.018182204958178082,0.013653435203937775,Bull
2007-12-31,1,0.16080890649617124,0.8391910935038288,-0.03998630788994754,0.011334104516556563,Bull
2008-01-31,1,0.33144561392171945,0.6685543860782805,-0.03839361505796831,0.009988906746197117,Bull
2008-02-29,1,0.37260623262700737,0.6273937673729925,-0.00947577478035681,0.013535376787703113,Bull
2008-03-31,1,0.42766619221867047,0.5723338077813295,0.035265580226577484,0.013535376787703113,Bull
2008-04-30,1,0.46765664367199394,0.532343356328006,0.02555626191699389,0.015081425432001602,Bull
2008-05-30,0,0.9999792655571124,2.0734442887627246e-05,-0.09484854602644757,0.03565483284405385,Bear
2008-06-30,0,0.9999953439736843,4.656026315700972e-06,0.02573550598452515,0.04342025408188854,Bear
2008-07-31,0,0.9999999999199256,8.007446750807071e-11,0.02585872623392251,0.06036766547679868,Bear
2008-08-29,0,0.9993564429642311,0.000643557035768941,-0.06311001330994019,0.022442531708753464,Bear
2008-09-30,0,0.9999999999999998,2.422201106849747e-16,-0.17532664833588638,0.05784553077935482,Bear
2008-10-31,0,0.9999999933723513,6.6276486259512965e-09,-0.0696354143528005,0.05157967331816378,Bear
2008-11-28,0,0.9999999999578657,4.213434552825507e-11,0.02541022841997196,0.06298914056695802,Bear
2008-12-31,0,0.9999999993318751,6.681249657976735e-10,-0.08244873359041398,0.05241681129467802,Bear
2009-01-30,0,0.9999999910547511,8.945248855814399e-09,-0.10293117094865202,0.045456150664601847,Bear
2009-02-27,0,0.9999996035186066,3.9648139337997997e-07,0.07444445740072698,0.04719672298985169,Bear
2009-03-31,0,0.981488824766232,0.018511175233768055,0.0837820710029612,0.01679443755786089,Bear
2009-04-30,0,0.8522116060958348,0.14778839390416518,0.030941438331009104,0.014483270351238794,Bear
2009-05-29,0,0.6949928102745538,0.3050071897254461,0.02246590511959327,0.014483270351238794,Bear
2009-06-30,1,0.32529091424745393,0.6747090857525461,0.06473970195555753,0.03449336598186591,Bull
2009-07-31,1,1.6391483119237808e-05,0.9999836085168807,0.02746596521364286,0.013384131462565983,Bull
2009-08-31,1,6.907979546554122e-05,0.9999309202045344,0.036679580644902406,0.012192696914412899,Bull
2009-09-30,1,0.0004856386246596956,0.9995143613753403,-0.02577217264490557,0.014721051872886269,Bull
2009-10-30,1,0.0003082790642374859,0.9996917209357625,0.047930564203850695,0.015394263508859762,Bull
2009-11-30,1,7.057050413851993e-07,0.9999992942949586,0.03979914022777281,0.015437542281201451,Bull
2009-12-31,1,8.485661663798565e-07,0.9999991514338337,-0.023130816290906204,0.0018677209894431264,Bull
2010-01-29,1,4.710239192106935e-07,0.9999995289760808,0.03359304460275151,0.0018677209894431264,Bull
2010-02-26,1,6.329124829182756e-07,0.9999993670875171,0.05050361040832984,0.0018677209894431264,Bull
2010-03-31,1,2.255433932110312e-08,0.9999999774456607,0.020186426039270323,0.013692012994093637,Bull
2010-04-30,1,1.6530823567444245e-05,0.9999834691764325,-0.06263605385031638,0.027934421370644433,Bull
2010-05-28,1,6.308918257735978e-07,0.9999993691081742,-0.037116039757735905,0.02003131460708501,Bull
2010-06-30,1,0.00023336995288547518,0.9997666300471145,0.05022658461170638,0.018045375020839912,Bull
2010-07-30,1,0.00039036780058171244,0.9996096321994182,-0.03269353494980496,0.016162632346295794,Bull
2010-08-31,1,0.0017107272471674764,0.9982892727528326,0.08228470854039742,0.016162632346295794,Bull
2010-09-30,1,0.0002688135572907616,0.9997311864427093,0.027738637834150284,0.016162632346295794,Bull
2010-10-29,1,0.00017251801843147472,0.9998274819815686,0.002351115378535276,0.003127183139518081,Bull
2010-11-30,1,0.007442532660775025,0.992557467339225,0.058906474464296435,0.02081525392327596,Bull
2010-12-31,1,0.0004558588340822086,0.9995441411659178,0.00573483387174264,0.020791797325216396,Bull
2011-01-31,1,0.00044674336607304367,0.999553256633927,0.03466861064319491,0.015463064284939576,Bull
2011-02-28,1,0.0006538363587206108,0.9993461636412794,0.010613791275697664,0.010782140239551685,Bull
2011-03-31,1,0.00015197968013826353,0.9998480203198618,0.0328383617251544,0.010935429581430182,Bull
2011-04-29,1,0.00016519655346903798,0.999834803446531,0.0017290798431172036,0.010998087124327838,Bull
2011-05-31,1,0.0022304833466655558,0.9977695166533345,-0.018275492851826843,0.01001924918780957,Bull
2011-06-30,1,0.0013277133035601288,0.9986722866964398,-0.03268223547643955,0.010187105404672925,Bull
2011-07-29,1,0.0016552340771607823,0.9983447659228392,-0.03845017033250347,0.010391029119749965,Bull
2011-08-31,1,0.08737579195663141,0.9126242080433685,-0.06495361577728745,0.019516152890652644,Bull
2011-09-30,1,0.47476125924675006,0.5252387407532499,0.08917023769875648,0.019516152890652644,Bull
2011-10-31,0,0.5343831948808235,0.46561680511917647,-0.0017049237693726124,0.023617102351713767,Bear
2011-11-30,0,0.5613363538904927,0.4386636461095073,0.014226072520964224,0.02596046305725389,Bear
2011-12-30,0,0.8805538926844968,0.11944610731550315,0.03708322374594645,0.031762249096849736,Bear
2012-01-31,0,0.9996110376952048,0.0003889623047952748,0.034000499894290104,0.04472357901997597,Bear
2012-02-29,1,0.1559208407175529,0.8440791592824471,0.024000981589796997,0.01550869768857167,Bull
2012-03-30,1,0.003409634220621717,0.9965903657793783,-0.008037165561069565,0.004477571111021769,Bull
2012-04-30,1,0.0005834872940927413,0.9994165127059071,-0.04171397225235747,0.023813098380118174,Bull
2012-05-31,1,0.00036405870915930106,0.9996359412908407,0.03697595930709516,0.023813098380118174,Bull
2012-06-29,1,0.0002719247953220304,0.9997280752046779,-0.0002846356599259146,0.022025057545439347,Bull
2012-07-31,1,0.0014878489907060833,0.998512151009294,0.01308296616420821,0.022025057545439347,Bull
2012-08-31,1,7.648548727605796e-05,0.999923514512724,0.020706561734728634,0.022025057545439347,Bull
2012-09-28,1,9.702389015987998e-05,0.9999029761098401,-0.015187400383961462,0.0209846822785817,Bull
2012-10-31,1,2.365477927097284e-08,0.9999999763452208,0.011173831877631088,0.010537845994793203,Bull
2012-11-30,1,4.500093067832164e-09,0.9999999954999069,0.0047803662735188875,0.010537845994793203,Bull
2012-12-31,1,1.0023484692802618e-07,0.999999899765153,0.05711826537131987,0.011916543931730597,Bull
2013-01-31,1,0.0002786009419471095,0.9997213990580528,0.023168100604930006,0.012001129293262641,Bull
2013-02-28,1,0.0017653217097040232,0.998234678290296,0.04829649959255617,0.013641144834045113,Bull
2013-03-28,1,0.0011588308613564053,0.9988411691386436,0.017070164318051424,0.010531120316134943,Bull
2013-04-30,1,0.00037280511401317925,0.9996271948859868,0.009495565259483894,0.010661468907334768,Bull
2013-05-31,1,0.0009836405394089,0.9990163594605911,-0.0028295661258590527,0.011520685623061609,Bull
2013-06-28,1,0.001246957404753066,0.998753042595247,0.055443651019678825,0.011292882638361,Bull
2013-07-31,1,0.0001676188913886863,0.9998323811086114,-0.03380076751602681,0.021899946524481847,Bull
2013-08-30,1,7.768498247056802e-05,0.9999223150175295,0.03142596990551912,0.021899946524481847,Bull
2013-09-30,1,0.0002702458899355145,0.9997297541100644,0.03134094765364157,0.021899946524481847,Bull
2013-10-31,1,0.004383553328703764,0.9956164466712962,0.02106515801915275,0.021899946524481847,Bull
2013-11-29,1,0.0016428583014256597,0.9983571416985744,0.01928525611847717,0.014845561082658679,Bull
2013-12-31,1,0.014422412110562489,0.9855775878894375,-0.026423167002979777,0.005216751351660907,Bull
2014-01-31,1,5.1969105282014386e-05,0.9999480308947181,0.04591421604157192,0.012422436130537028,Bull
2014-02-28,1,8.156350273648199e-05,0.9999184364972635,0.005888235377076127,0.012386354518081535,Bull
2014-03-31,1,0.00030601415003748115,0.9996939858499625,0.0025938056963692485,0.012011126605764238,Bull
2014-04-30,1,0.0006258237774530659,0.999374176222547,0.01755517516089806,0.011890482157980576,Bull
2014-05-30,1,0.0006358509675653567,0.9993641490324346,0.022911279990640424,0.012041900111937669,Bull
2014-06-30,1,0.004210928853091559,0.9957890711469085,-0.0252001538857539,0.011850867169685121,Bull
2014-07-31,1,0.0020570625149640338,0.9979429374850359,0.04665979652594049,0.011959257434202787,Bull
2014-08-29,1,0.002030599985493437,0.9979694000145065,-0.010981194623958083,0.010054322515431088,Bull
2014-09-30,1,0.0008988062868026955,0.9991011937131973,0.03682942143800406,0.010054322515431088,Bull
2014-10-31,1,9.663476683156531e-05,0.9999033652331685,0.034927491479095005,0.010054322515431088,Bull
2014-11-28,1,9.958515558260077e-05,0.9999004148444174,0.0022078411700142903,0.010054322515431088,Bull
2014-12-31,1,1.1717226088670622e-05,0.9999882827739114,-0.022631241089422497,0.008237826856868257,Bull
2015-01-30,1,8.358547633321972e-06,0.9999916414523666,0.050242452305259165,0.008237826856868257,Bull
2015-02-27,1,1.1329794839389784e-05,0.9999886702051606,-0.0017790424350501803,0.014744731071155667,Bull
2015-03-31,1,1.388829161952117e-05,0.9999861117083805,-0.009142694087240942,0.010574958271046743,Bull
2015-04-30,1,1.2288688410595495e-05,0.9999877113115895,0.0192804503336231,0.010574958271046743,Bull
2015-05-29,1,1.913487664313421e-05,0.9999808651233569,-0.01577278844224468,0.008934016947366511,Bull
2015-06-30,1,5.7367412521538814e-05,0.9999426325874785,0.023070974069870694,0.007000076715352676,Bull
2015-07-31,1,0.0006308375139276285,0.9993691624860724,-0.05302660363886387,0.022792475435441488,Bull
2015-08-31,1,0.00027022353218573124,0.9997297764678142,-0.025090288970625436,0.019320070935210723,Bull
2015-09-30,1,0.0003955470691741755,0.9996044529308258,0.05659702339072428,0.019386852245972717,Bull
2015-10-30,1,0.0004991801758725981,0.9995008198241274,-0.0004637487502302716,0.02209597839276986,Bull
2015-11-30,1,0.00462839489575878,0.9953716051042412,-0.01250593682376921,0.022537122202800592,Bull
2015-12-31,1,0.01840788340081934,0.9815921165991807,-0.04531253869015065,0.021967243560644764,Bull
2016-01-29,1,0.002802174482622264,0.9971978255173777,0.001733815434690112,0.019162622394900516,Bull
2016-02-29,1,0.052607609958308335,0.9473923900416917,0.06321862891351465,0.023211711766163972,Bull
2016-03-31,1,0.041777610596334475,0.9582223894036656,0.004089817199417281,0.023211711766163972,Bull
2016-04-29,1,0.03322858954528278,0.9667714104547173,0.015948813666633088,0.023197770647405566,Bull
2016-05-31,1,0.01742263845604932,0.9825773615439507,0.008961529184074857,0.017334817933297275,Bull
2016-06-30,1,0.0007185734453703437,0.9992814265546296,0.0348824062523243,0.01183506167314037,Bull
2016-07-29,1,0.0006992064393593745,0.9993007935606405,-0.009319342110585792,0.01292194559452285,Bull
2016-08-31,1,0.0025047722807812266,0.9974952277192187,-0.004476400349995303,0.003424476959805052,Bull
2016-09-30,1,0.0030678880365244414,0.9969321119634756,-0.02452122512671822,0.0104590178989407,Bull
2016-10-31,1,0.00030331854926410123,0.9996966814507359,0.04112036932524733,0.0104590178989407,Bull
2016-11-30,1,0.0016475590612635383,0.9983524409387365,0.0118516063093071,0.0104590178989407,Bull
2016-12-30,1,0.0016662704899033775,0.9983337295100966,0.01681196057553396,0.0104590178989407,Bull
2017-01-31,1,0.00023540844719366658,0.9997645915528063,0.0350840941611353,0.014173831527316898,Bull
2017-02-28,1,0.0001486058454695533,0.9998513941545305,0.0019192393442918948,0.011878351400168729,Bull
2017-03-31,1,0.0002027824985818058,0.9997972175014181,0.014292619974214873,0.007447998202754619,Bull
2017-04-28,1,0.00021986417683315812,0.9997801358231667,0.007935319624692651,0.0056451049610485166,Bull
2017-05-31,1,6.920163016469753e-05,0.9999307983698353,0.010582406250367857,0.005682375607651898,Bull
2017-06-30,1,0.0004171425238618329,0.9995828574761382,0.011105395370318391,0.005682545403960434,Bull
2017-07-31,1,0.0007426853113704598,0.9992573146886295,-0.004810671408651668,0.003527693725634351,Bull
2017-08-31,1,0.00038146769147254635,0.9996185323085275,0.021272027146175064,0.004304889490260145,Bull
2017-09-29,1,0.0003902832277502873,0.9996097167722497,0.010385817680858759,0.004185158120664491,Bull
2017-10-31,1,0.000385663057207034,0.9996143369427929,0.04404301046182987,0.008155254664617613,Bull
2017-11-30,1,1.404676915326228e-05,0.9999859532308467,0.009592536232232812,0.008187113102820944,Bull
2017-12-29,1,2.0468579281482728e-05,0.9999795314207185,0.047755678161998036,0.010380432137352916,Bull
2018-01-31,1,0.012398171905780289,0.9876018280942197,-0.04238680296597727,0.016278010675534804,Bull
2018-02-28,1,0.04462407497776918,0.9553759250222308,-0.004792916568979328,0.02658289200247395,Bull
2018-03-29,1,0.06584823802628441,0.9341517619737156,0.000913476874049797,0.02658289200247395,Bull
2018-04-30,1,0.014355874608137783,0.9856441253918623,0.01779684428234834,0.02658289200247395,Bull
2018-05-31,1,0.013285201076736336,0.9867147989232636,0.01741827559969908,0.02658289200247395,Bull
2018-06-29,1,0.013493929433689168,0.9865060705663108,0.030406694242835788,0.02658289200247395,Bull
2018-07-31,1,0.0005451729080153442,0.9994548270919846,0.03122494174629265,0.0074263299914835495,Bull
2018-08-31,1,0.00021262408406801163,0.999787375915932,-0.0014262796082447193,0.0069851687839350435,Bull
2018-09-28,0,0.9835239633475851,0.016476036652414917,-0.0629972802394206,0.04353727207074566,Bear
2018-10-31,0,0.9987997918049676,0.0012002081950325159,0.030229177429794456,0.04353727207074566,Bear
2018-11-30,0,0.9999999978259738,2.1740261822186466e-09,-0.1048354974592336,0.05201745039793504,Bear
2018-12-31,0,0.9999996867478892,3.132521107538071e-07,0.08300094302723544,0.05201745039793504,Bear
2019-01-31,0,0.9999967844280171,3.2155719829583953e-06,0.0385145912844181,0.05201745039793504,Bear
2019-02-28,0,0.949230309583782,0.05076969041621797,0.008941830330226356,0.029584087108885555,Bear
2019-03-29,0,0.961940890062623,0.03805910993737701,0.03356580324208194,0.031741827565840236,Bear
2019-04-30,0,0.9992582059749792,0.0007417940250208528,-0.052032693577586185,0.03733722069037624,Bear
2019-05-31,0,0.8103722077077818,0.18962779229221807,0.06532297080139905,0.0237840617235769,Bear
2019-06-28,1,0.19582277068584525,0.8041772293141548,0.009876301885146297,0.019940923324868597,Bull
2019-07-31,1,0.15507622677248134,0.8449237732275187,-0.011286909438303173,0.02881162026965029,Bull
2019-08-30,1,0.3546289047543154,0.6453710952456846,0.01492734149041279,0.02881162026965029,Bull
2019-09-30,0,0.6235289948872094,0.3764710051127906,0.008321751554639208,0.02881162026965029,Bear
2019-10-31,1,0.18700089563713074,0.8129991043628693,0.03491188965080183,0.013265166775209766,Bull
2019-11-29,1,0.03112163573592541,0.9688783642640746,0.02292582433936063,0.007756921865281849,Bull
2019-12-31,1,0.002668214942723482,0.9973317850572766,0.001517449863347166,0.008119462741357586,Bull
2020-01-31,1,0.441391540137087,0.558608459862913,-0.09078480086478419,0.022660030566785727,Bull
2020-02-28,0,0.9999999999900373,9.962701839790414e-12,-0.16380287265324456,0.051631573710786464,Bear
2020-03-31,0,0.9999999040154265,9.598457345115926e-08,0.11348850588747353,0.051631573710786464,Bear
2020-04-30,0,0.9999998973436539,1.0265634611662531e-07,0.059821414540009686,0.051631573710786464,Bear
2020-05-29,0,1.0,8.113931377487419e-20,-7.336775890202205e-06,0.0820580733052969,Bear
2020-06-30,0,1.0,2.861501301931465e-20,0.05230835013048012,0.0820580733052969,Bear
2020-07-31,0,1.0,2.8782843687133235e-40,0.04321054808553225,0.1158209341469617,Bear
2020-08-31,0,0.9844380917536595,0.01556190824634054,-0.02240336765215921,0.01583638530427311,Bear
2020-09-30,0,0.905291946315789,0.09470805368421086,-0.012109191577154075,0.01121016762961848,Bear
2020-10-30,0,0.9824813691625901,0.017518630837409947,0.10155365934652204,0.01121016762961848,Bear
2020-11-30,0,0.8229950962771413,0.1770049037228587,0.0416413932033686,0.007279081709364448,Bear
2020-12-31,0,0.8193624084338298,0.18063759156617024,-0.0063515752495294005,0.00813203793826679,Bear
2021-01-29,0,0.7683992703411375,0.23160072965886241,0.022768049146056964,0.00813203793826679,Bear
2021-02-26,0,0.8364860714017015,0.16351392859829847,0.052230490487740706,0.0040712495487337935,Bear
2021-03-31,0,0.9018420993824654,0.0981579006175346,0.03494555446330783,0.017894705369581702,Bear
2021-04-30,1,0.27683513300320134,0.7231648669967987,0.005246458314098421,0.011170086075387662,Bull
2021-05-28,1,0.028648648158871786,0.9713513518411283,0.007760843681397314,0.010793004214431991,Bull
2021-06-30,1,5.348016611108827e-05,0.9999465198338889,0.011434372099997345,0.009154721217162485,Bull
2021-07-30,1,3.0572782261199256e-05,0.9999694272177388,0.013983716956158207,0.009311214610353127,Bull
2021-08-31,1,0.00033553086965974554,0.9996644691303402,-0.0423302996793313,0.012779875436458026,Bull
2021-09-30,1,0.004710140817578957,0.995289859182421,0.045742763782562854,0.014153737280548287,Bull
2021-10-29,1,0.008737565863522576,0.9912624341364775,-0.028682711329257652,0.009650302269179603,Bull
2021-11-30,1,0.026070935274840567,0.9739290647251595,0.06027942676997415,0.009650302269179603,Bull
2021-12-31,1,0.14887561191301316,0.8511243880869868,-0.0522297370287728,0.011823126679677491,Bull
2022-01-31,1,0.14032375868971086,0.8596762413102892,-0.008730718217510668,0.018836791322625047,Bull
2022-02-28,1,0.21252976387951988,0.7874702361204801,0.03117292538247738,0.021774255004352285,Bull
2022-03-31,0,0.941192194614971,0.05880780538502904,-0.061735590650857,0.023869575600499238,Bear
2022-04-29,0,0.9848500733407062,0.015149926659293945,0.004694148652975601,0.02826081619575753,Bear
2022-05-31,0,0.9991543218325266,0.0008456781674734788,-0.0581950425169691,0.02464224374483822,Bear
2022-06-30,0,0.9991172937799614,0.0008827062200386066,0.06428426810669155,0.02963323404885605,Bear
2022-07-29,0,0.9926501195787794,0.007349880421220661,-0.02739881461483764,0.01888543231627732,Bear
2022-08-31,0,0.999909209047869,9.079095213103393e-05,-0.08117555970266592,0.02224468513625747,Bear
2022-09-30,0,0.9968477762552311,0.003152223744768752,0.0831642975806735,0.026982865351192136,Bear
2022-10-31,0,0.9920046953212205,0.007995304678779472,0.05328825157196396,0.026982865351192136,Bear
2022-11-30,0,0.9968112293483021,0.0031887706516977076,-0.044106170444358175,0.02752336483498889,Bear
2022-12-30,0,0.9893000035158231,0.01069999648417687,0.05254323777106891,0.02752336483498889,Bear
2023-01-31,0,0.9899670006340191,0.010032999365980785,-0.029921786648183252,0.02646471114516318,Bear
2023-02-28,1,0.3263991831901907,0.6736008168098093,0.009192725560097268,0.010029873969227871,Bull
2023-03-31,1,0.0024548446622680345,0.9975451553377319,0.011796988263752804,0.010029873969227871,Bull
2023-04-28,1,0.000827929914360335,0.9991720700856397,-0.03838806761151762,0.007136424840612265,Bull
2023-05-31,1,0.002791765368029075,0.9972082346319711,0.056025909394185835,0.005986564680604307,Bull
2023-06-30,1,0.0008166931219374782,0.9991833068780626,0.025407121758500687,0.005986564680604307,Bull
2023-07-31,1,9.474996574612855e-07,0.9999990525003425,-0.030835260788060453,0.005340640921858589,Bull
2023-08-31,1,4.429171209410908e-08,0.9999999557082879,-0.04775445083552965,0.008475779388684518,Bull
2023-09-29,1,1.9710429965315242e-08,0.99999998028957,-0.025709046170558525,0.00959196080632638,Bull
2023-10-31,1,7.449488163480875e-05,0.9999255051183652,0.07374423130118751,0.01153644178974755,Bull
2023-11-30,1,0.00047400491053575507,0.9995259950894643,0.0614723017855195,0.01153644178974755,Bull
2023-12-29,1,0.0006314786517937381,0.9993685213482063,-0.0012588451415036393,0.01922011744831188,Bull
2024-01-31,1,0.00011229034961939674,0.9998877096503805,0.03288370892671854,0.02325816539790514,Bull
2024-02-29,1,8.468823891684501e-06,0.9999915311761083,0.038401218908761726,0.01728890294901901,Bull
2024-03-28,1,0.00210499439973493,0.997895005600265,-0.046307241035253334,0.03185402621804663,Bull
2024-04-30,1,6.857367919492146e-05,0.9999314263208051,0.02398844675294051,0.03185402621804663,Bull
2024-05-31,1,6.616237479387133e-05,0.999933837625206,-0.0027419218434798394,0.025591321853918426,Bull
2024-06-28,1,0.0004450889594369928,0.9995549110405629,0.045640534253833624,0.03080533262505948,Bull
2024-07-31,1,0.01299190785822989,0.98700809214177,0.024783996417716992,0.03080533262505948,Bull
2024-08-30,1,0.010881316266365817,0.9891186837336341,0.010667938005643368,0.03080533262505948,Bull
2024-09-30,1,0.003602569335515965,0.996397430664484,-0.01860488377900765,0.011216807954315795,Bull
2024-10-31,1,0.000956564429654366,0.9990434355703457,0.06111931750268457,0.011216807954315795,Bull
2024-11-29,1,0.1906890108501733,0.8093109891498266,-0.06172141833902154,0.030487993968649957,Bull
