DATE,NoDur,Durbl,Manuf,Enrgy,Chems,BusEq,Telcm,Utils,Shops,Hlth,Money,Other
1960-01-29,,,,,,,,,,,,
1960-02-29,,,,,,,,,,,,
1960-03-31,,,,,,,,,,,,
1960-04-29,0.0,0.0,0.0,1.0,0.0,0.0,1.0,0.0,0.0,0.0,0.0,1.0
1960-05-31,2.0,1.0,4.0,1.0,1.0,1.0,0.0,6.0,2.0,1.0,1.0,1.0
1960-06-30,30.0,10.0,62.0,11.0,11.0,14.0,2.0,20.0,16.0,4.0,9.0,25.0
1960-07-29,31.0,10.0,61.0,11.0,11.0,14.0,2.0,20.0,18.0,5.0,9.0,23.0
1960-08-31,30.0,10.0,61.0,11.0,11.0,14.0,2.0,21.0,18.0,5.0,9.0,24.0
1960-09-30,30.0,10.0,62.0,11.0,10.0,14.0,2.0,18.0,18.0,5.0,9.0,25.0
1960-10-31,30.0,10.0,61.0,10.0,11.0,14.0,2.0,21.0,18.0,5.0,9.0,25.0
1960-11-30,31.0,11.0,62.0,9.0,12.0,15.0,3.0,20.0,19.0,4.0,9.0,22.0
1960-12-30,30.0,11.0,63.0,11.0,12.0,12.0,2.0,20.0,17.0,5.0,9.0,25.0
1961-01-31,29.0,11.0,63.0,11.0,11.0,14.0,2.0,21.0,17.0,5.0,9.0,25.0
1961-02-28,30.0,11.0,63.0,11.0,12.0,14.0,2.0,21.0,19.0,5.0,9.0,23.0
1961-03-30,29.0,11.0,65.0,10.0,11.0,14.0,2.0,21.0,19.0,5.0,8.0,25.0
1961-04-28,29.0,11.0,64.0,11.0,11.0,14.0,2.0,21.0,20.0,5.0,9.0,25.0
1961-05-31,28.0,11.0,65.0,10.0,11.0,14.0,2.0,22.0,18.0,5.0,9.0,24.0
1961-06-30,30.0,11.0,65.0,10.0,11.0,14.0,2.0,21.0,19.0,5.0,9.0,26.0
1961-07-31,29.0,11.0,65.0,10.0,11.0,14.0,2.0,22.0,19.0,5.0,8.0,25.0
1961-08-31,30.0,11.0,63.0,10.0,11.0,15.0,2.0,20.0,19.0,5.0,9.0,24.0
1961-09-29,29.0,11.0,65.0,10.0,12.0,15.0,2.0,19.0,19.0,5.0,9.0,25.0
1961-10-31,28.0,10.0,63.0,9.0,12.0,15.0,2.0,22.0,20.0,4.0,8.0,24.0
1961-11-30,31.0,9.0,63.0,9.0,11.0,15.0,3.0,22.0,19.0,4.0,9.0,24.0
1961-12-29,30.0,11.0,64.0,11.0,12.0,14.0,2.0,21.0,18.0,5.0,8.0,24.0
1962-01-31,30.0,11.0,64.0,10.0,12.0,15.0,2.0,22.0,16.0,4.0,9.0,24.0
1962-02-28,30.0,11.0,65.0,11.0,12.0,15.0,2.0,22.0,20.0,5.0,9.0,23.0
1962-03-30,30.0,11.0,66.0,10.0,12.0,15.0,2.0,21.0,20.0,5.0,9.0,24.0
1962-04-30,29.0,11.0,65.0,10.0,13.0,16.0,2.0,21.0,20.0,5.0,9.0,24.0
1962-05-31,29.0,11.0,65.0,11.0,13.0,16.0,2.0,23.0,20.0,5.0,10.0,24.0
1962-06-29,30.0,11.0,66.0,10.0,12.0,16.0,2.0,20.0,20.0,4.0,9.0,24.0
1962-07-31,29.0,11.0,68.0,11.0,13.0,12.0,2.0,22.0,18.0,6.0,10.0,24.0
1962-08-31,29.0,12.0,68.0,11.0,13.0,12.0,2.0,22.0,18.0,6.0,11.0,23.0
1962-09-28,30.0,12.0,68.0,11.0,13.0,12.0,2.0,20.0,18.0,6.0,11.0,24.0
1962-10-31,28.0,12.0,66.0,10.0,13.0,12.0,2.0,23.0,18.0,7.0,11.0,24.0
1962-11-30,30.0,13.0,68.0,12.0,12.0,14.0,2.0,22.0,18.0,5.0,13.0,24.0
1962-12-31,48.0,23.0,106.0,24.0,20.0,22.0,4.0,24.0,36.0,7.0,24.0,47.0
1963-01-31,50.0,23.0,107.0,24.0,20.0,23.0,4.0,24.0,33.0,8.0,28.0,46.0
1963-02-28,50.0,23.0,107.0,25.0,20.0,24.0,5.0,24.0,36.0,8.0,24.0,45.0
1963-03-29,49.0,23.0,107.0,24.0,20.0,24.0,4.0,23.0,38.0,8.0,25.0,46.0
1963-04-30,49.0,24.0,107.0,24.0,20.0,24.0,4.0,24.0,37.0,8.0,24.0,46.0
1963-05-31,50.0,22.0,106.0,24.0,20.0,24.0,5.0,25.0,38.0,8.0,24.0,46.0
1963-06-28,50.0,23.0,108.0,24.0,19.0,24.0,4.0,24.0,37.0,7.0,26.0,46.0
1963-07-31,50.0,23.0,107.0,24.0,20.0,24.0,4.0,24.0,37.0,8.0,26.0,46.0
1963-08-30,50.0,23.0,105.0,24.0,20.0,23.0,5.0,25.0,38.0,8.0,26.0,46.0
1963-09-30,51.0,24.0,107.0,24.0,20.0,24.0,5.0,23.0,38.0,8.0,27.0,45.0
1963-10-31,51.0,23.0,104.0,24.0,19.0,23.0,4.0,23.0,38.0,8.0,27.0,45.0
1963-11-29,50.0,20.0,104.0,24.0,19.0,25.0,4.0,21.0,38.0,7.0,26.0,45.0
1963-12-31,51.0,24.0,107.0,23.0,18.0,25.0,5.0,23.0,37.0,7.0,28.0,46.0
1964-01-31,51.0,23.0,107.0,23.0,19.0,24.0,5.0,24.0,36.0,8.0,28.0,44.0
1964-02-28,51.0,24.0,106.0,24.0,17.0,24.0,3.0,23.0,38.0,8.0,26.0,46.0
1964-03-31,50.0,23.0,107.0,24.0,19.0,24.0,5.0,23.0,40.0,8.0,26.0,45.0
1964-04-30,50.0,24.0,106.0,24.0,19.0,25.0,5.0,24.0,40.0,8.0,26.0,47.0
1964-05-28,50.0,23.0,108.0,24.0,18.0,25.0,5.0,22.0,41.0,8.0,26.0,45.0
1964-06-30,51.0,24.0,108.0,25.0,19.0,26.0,5.0,22.0,41.0,8.0,27.0,45.0
1964-07-31,51.0,25.0,105.0,24.0,19.0,27.0,4.0,25.0,40.0,8.0,27.0,47.0
1964-08-31,51.0,24.0,106.0,24.0,19.0,27.0,4.0,22.0,39.0,8.0,26.0,46.0
1964-09-30,52.0,25.0,109.0,24.0,20.0,27.0,4.0,23.0,41.0,8.0,27.0,46.0
1964-10-30,51.0,24.0,107.0,22.0,20.0,27.0,5.0,24.0,41.0,8.0,27.0,45.0
1964-11-30,54.0,22.0,106.0,24.0,21.0,27.0,4.0,22.0,41.0,8.0,27.0,43.0
1964-12-31,53.0,23.0,107.0,24.0,21.0,26.0,5.0,25.0,41.0,7.0,28.0,47.0
1965-01-29,53.0,25.0,107.0,24.0,21.0,27.0,5.0,25.0,39.0,7.0,27.0,45.0
1965-02-26,54.0,24.0,106.0,23.0,19.0,27.0,5.0,22.0,40.0,9.0,24.0,44.0
1965-03-31,54.0,25.0,108.0,23.0,19.0,27.0,5.0,25.0,42.0,8.0,27.0,47.0
1965-04-30,54.0,23.0,107.0,23.0,21.0,27.0,5.0,25.0,41.0,8.0,26.0,46.0
1965-05-28,53.0,23.0,107.0,24.0,21.0,27.0,5.0,23.0,41.0,8.0,26.0,45.0
1965-06-30,51.0,24.0,107.0,23.0,21.0,27.0,5.0,24.0,42.0,8.0,26.0,46.0
1965-07-30,54.0,24.0,110.0,22.0,21.0,27.0,5.0,25.0,43.0,9.0,26.0,47.0
1965-08-31,53.0,24.0,108.0,23.0,21.0,28.0,6.0,23.0,41.0,8.0,26.0,46.0
1965-09-30,55.0,24.0,108.0,23.0,21.0,28.0,6.0,24.0,43.0,8.0,27.0,47.0
1965-10-29,53.0,24.0,107.0,22.0,21.0,28.0,6.0,25.0,43.0,8.0,27.0,48.0
1965-11-30,55.0,24.0,102.0,22.0,21.0,28.0,4.0,22.0,40.0,6.0,24.0,47.0
1965-12-31,54.0,24.0,109.0,22.0,21.0,28.0,6.0,25.0,42.0,9.0,27.0,46.0
1966-01-31,55.0,24.0,110.0,22.0,20.0,28.0,6.0,26.0,39.0,8.0,28.0,49.0
1966-02-28,55.0,25.0,105.0,23.0,20.0,28.0,6.0,24.0,40.0,9.0,26.0,45.0
1966-03-31,55.0,25.0,108.0,23.0,20.0,29.0,6.0,24.0,44.0,8.0,27.0,48.0
1966-04-29,55.0,24.0,109.0,23.0,21.0,29.0,6.0,26.0,42.0,8.0,26.0,49.0
1966-05-31,56.0,23.0,109.0,21.0,20.0,28.0,6.0,25.0,42.0,8.0,27.0,46.0
1966-06-30,55.0,23.0,108.0,22.0,21.0,29.0,6.0,25.0,43.0,8.0,26.0,47.0
1966-07-29,55.0,24.0,109.0,21.0,21.0,29.0,6.0,26.0,43.0,9.0,26.0,48.0
1966-08-31,55.0,24.0,108.0,23.0,20.0,30.0,6.0,24.0,42.0,8.0,26.0,47.0
1966-09-30,55.0,24.0,105.0,17.0,20.0,28.0,6.0,25.0,43.0,8.0,26.0,47.0
1966-10-31,55.0,24.0,112.0,23.0,20.0,29.0,6.0,26.0,44.0,8.0,26.0,46.0
1966-11-30,55.0,25.0,107.0,21.0,20.0,30.0,5.0,23.0,41.0,7.0,27.0,45.0
1966-12-30,56.0,24.0,109.0,22.0,21.0,30.0,6.0,26.0,44.0,9.0,27.0,46.0
1967-01-31,56.0,24.0,111.0,23.0,20.0,30.0,6.0,26.0,41.0,8.0,25.0,47.0
1967-02-28,57.0,24.0,111.0,23.0,20.0,30.0,6.0,24.0,42.0,9.0,26.0,46.0
1967-03-31,57.0,25.0,112.0,22.0,20.0,31.0,6.0,26.0,44.0,8.0,27.0,48.0
1967-04-28,56.0,24.0,110.0,22.0,20.0,30.0,6.0,26.0,43.0,8.0,27.0,47.0
1967-05-31,56.0,24.0,111.0,22.0,20.0,28.0,6.0,25.0,43.0,8.0,26.0,45.0
1967-06-30,54.0,25.0,110.0,21.0,20.0,30.0,5.0,26.0,43.0,8.0,27.0,45.0
1967-07-31,54.0,25.0,112.0,22.0,20.0,30.0,6.0,26.0,41.0,8.0,26.0,43.0
1967-08-31,53.0,23.0,111.0,22.0,20.0,31.0,5.0,25.0,42.0,8.0,26.0,45.0
1967-09-29,56.0,22.0,108.0,22.0,20.0,29.0,6.0,26.0,40.0,8.0,25.0,45.0
1967-10-31,54.0,24.0,112.0,22.0,19.0,31.0,6.0,27.0,43.0,8.0,25.0,47.0
1967-11-30,55.0,20.0,107.0,22.0,21.0,32.0,4.0,24.0,39.0,8.0,26.0,47.0
1967-12-29,53.0,23.0,110.0,21.0,19.0,32.0,5.0,27.0,41.0,8.0,25.0,48.0
1968-01-31,50.0,24.0,110.0,21.0,20.0,32.0,5.0,27.0,41.0,9.0,22.0,48.0
1968-02-29,55.0,22.0,108.0,21.0,20.0,32.0,5.0,24.0,44.0,9.0,24.0,45.0
1968-03-29,55.0,24.0,108.0,20.0,20.0,30.0,5.0,25.0,41.0,9.0,23.0,48.0
1968-04-30,53.0,25.0,108.0,21.0,20.0,32.0,5.0,26.0,42.0,9.0,21.0,47.0
1968-05-31,53.0,23.0,111.0,22.0,20.0,32.0,5.0,25.0,43.0,9.0,23.0,48.0
1968-06-28,54.0,25.0,106.0,21.0,20.0,32.0,5.0,24.0,45.0,9.0,24.0,48.0
1968-07-30,51.0,25.0,109.0,21.0,19.0,31.0,5.0,26.0,44.0,9.0,23.0,48.0
1968-08-30,53.0,25.0,109.0,20.0,20.0,33.0,5.0,25.0,43.0,9.0,21.0,46.0
1968-09-30,51.0,25.0,111.0,21.0,19.0,34.0,5.0,24.0,44.0,9.0,19.0,47.0
1968-10-31,53.0,24.0,108.0,18.0,20.0,34.0,5.0,27.0,44.0,9.0,22.0,47.0
1968-11-29,51.0,25.0,105.0,21.0,20.0,35.0,5.0,25.0,42.0,9.0,23.0,49.0
1968-12-31,52.0,24.0,107.0,21.0,19.0,36.0,5.0,25.0,44.0,9.0,23.0,48.0
1969-01-31,53.0,24.0,107.0,21.0,20.0,35.0,5.0,27.0,43.0,9.0,23.0,48.0
1969-02-28,53.0,24.0,102.0,20.0,19.0,36.0,6.0,27.0,43.0,10.0,23.0,47.0
1969-03-28,52.0,25.0,105.0,19.0,19.0,36.0,5.0,25.0,44.0,10.0,23.0,46.0
1969-04-30,54.0,25.0,106.0,20.0,20.0,36.0,5.0,27.0,44.0,10.0,24.0,48.0
1969-05-29,53.0,23.0,103.0,20.0,20.0,35.0,5.0,26.0,46.0,10.0,25.0,48.0
1969-06-30,54.0,26.0,105.0,19.0,20.0,37.0,5.0,26.0,46.0,10.0,26.0,45.0
1969-07-31,54.0,25.0,106.0,20.0,20.0,37.0,5.0,27.0,46.0,10.0,23.0,47.0
1969-08-29,56.0,26.0,106.0,20.0,20.0,37.0,5.0,27.0,47.0,10.0,26.0,48.0
1969-09-30,56.0,26.0,107.0,20.0,20.0,36.0,6.0,26.0,47.0,10.0,27.0,46.0
1969-10-31,57.0,26.0,107.0,20.0,20.0,37.0,6.0,28.0,47.0,10.0,26.0,46.0
1969-11-28,56.0,27.0,107.0,21.0,21.0,36.0,5.0,27.0,47.0,10.0,28.0,48.0
1969-12-31,53.0,26.0,108.0,21.0,19.0,37.0,6.0,27.0,47.0,10.0,28.0,50.0
1970-01-30,58.0,26.0,106.0,19.0,20.0,38.0,6.0,28.0,47.0,11.0,28.0,50.0
1970-02-27,58.0,26.0,108.0,20.0,20.0,38.0,6.0,26.0,49.0,10.0,28.0,50.0
1970-03-31,58.0,26.0,108.0,21.0,20.0,37.0,6.0,27.0,50.0,11.0,28.0,52.0
1970-04-30,58.0,26.0,108.0,21.0,20.0,38.0,6.0,27.0,51.0,11.0,27.0,49.0
1970-05-29,59.0,26.0,106.0,21.0,20.0,37.0,6.0,25.0,50.0,10.0,29.0,52.0
1970-06-30,59.0,26.0,106.0,21.0,20.0,38.0,6.0,27.0,50.0,11.0,30.0,51.0
1970-07-31,60.0,27.0,107.0,21.0,20.0,38.0,6.0,27.0,50.0,11.0,31.0,51.0
1970-08-31,60.0,27.0,108.0,22.0,20.0,37.0,6.0,24.0,51.0,11.0,30.0,52.0
1970-09-30,60.0,27.0,108.0,22.0,20.0,37.0,5.0,27.0,51.0,11.0,31.0,51.0
1970-10-30,61.0,26.0,108.0,22.0,20.0,37.0,6.0,28.0,51.0,10.0,30.0,52.0
1970-11-30,60.0,27.0,108.0,22.0,19.0,37.0,6.0,26.0,50.0,9.0,31.0,53.0
1970-12-31,62.0,26.0,106.0,21.0,19.0,37.0,5.0,26.0,52.0,11.0,32.0,55.0
1971-01-29,62.0,27.0,108.0,20.0,20.0,37.0,6.0,28.0,51.0,11.0,30.0,53.0
1971-02-26,62.0,27.0,107.0,21.0,19.0,37.0,6.0,26.0,52.0,11.0,31.0,52.0
1971-03-31,61.0,27.0,109.0,21.0,20.0,37.0,6.0,26.0,52.0,11.0,33.0,53.0
1971-04-30,62.0,27.0,108.0,21.0,20.0,37.0,6.0,28.0,51.0,12.0,31.0,53.0
1971-05-28,62.0,27.0,108.0,21.0,20.0,37.0,6.0,25.0,52.0,12.0,34.0,53.0
1971-06-30,63.0,26.0,107.0,20.0,19.0,37.0,6.0,28.0,52.0,12.0,33.0,52.0
1971-07-30,62.0,27.0,108.0,22.0,19.0,36.0,6.0,28.0,51.0,12.0,33.0,53.0
1971-08-31,62.0,27.0,108.0,22.0,19.0,37.0,6.0,25.0,53.0,12.0,34.0,53.0
1971-09-30,61.0,28.0,108.0,22.0,19.0,36.0,6.0,29.0,54.0,12.0,34.0,53.0
1971-10-29,62.0,28.0,109.0,22.0,19.0,36.0,6.0,28.0,54.0,13.0,35.0,55.0
1971-11-30,62.0,28.0,109.0,22.0,19.0,36.0,5.0,28.0,53.0,12.0,36.0,54.0
1971-12-31,63.0,28.0,107.0,22.0,19.0,37.0,6.0,29.0,55.0,12.0,36.0,56.0
1972-01-31,64.0,28.0,108.0,21.0,20.0,36.0,6.0,29.0,57.0,14.0,36.0,56.0
1972-02-29,65.0,28.0,106.0,22.0,19.0,36.0,6.0,27.0,57.0,13.0,38.0,56.0
1972-03-30,64.0,28.0,107.0,22.0,19.0,36.0,6.0,29.0,56.0,14.0,38.0,56.0
1972-04-28,65.0,28.0,108.0,22.0,19.0,37.0,6.0,29.0,57.0,14.0,37.0,56.0
1972-05-31,66.0,27.0,109.0,22.0,19.0,36.0,6.0,28.0,58.0,14.0,35.0,55.0
1972-06-30,67.0,29.0,109.0,21.0,20.0,36.0,6.0,29.0,58.0,13.0,38.0,56.0
1972-07-31,67.0,28.0,109.0,22.0,20.0,36.0,6.0,29.0,59.0,14.0,40.0,56.0
1972-08-31,65.0,28.0,108.0,22.0,20.0,36.0,6.0,29.0,58.0,14.0,41.0,57.0
1972-09-29,67.0,26.0,108.0,22.0,20.0,36.0,6.0,30.0,59.0,14.0,42.0,57.0
1972-10-31,67.0,27.0,108.0,22.0,20.0,36.0,6.0,29.0,58.0,14.0,43.0,58.0
1972-11-30,65.0,26.0,109.0,23.0,19.0,36.0,6.0,29.0,56.0,13.0,42.0,56.0
1972-12-29,67.0,29.0,110.0,22.0,19.0,36.0,6.0,29.0,59.0,15.0,45.0,59.0
1973-01-31,69.0,28.0,110.0,22.0,19.0,37.0,6.0,29.0,60.0,15.0,44.0,59.0
1973-02-28,69.0,28.0,111.0,23.0,19.0,37.0,6.0,26.0,60.0,14.0,48.0,57.0
1973-03-30,68.0,28.0,111.0,23.0,19.0,37.0,6.0,31.0,60.0,15.0,46.0,59.0
1973-04-30,67.0,28.0,114.0,23.0,19.0,36.0,6.0,29.0,62.0,15.0,48.0,58.0
1973-05-31,68.0,28.0,114.0,23.0,18.0,34.0,6.0,26.0,62.0,14.0,48.0,60.0
1973-06-29,68.0,28.0,112.0,22.0,19.0,36.0,6.0,30.0,60.0,15.0,48.0,57.0
1973-07-31,68.0,28.0,112.0,23.0,19.0,35.0,6.0,30.0,60.0,15.0,47.0,59.0
1973-08-31,66.0,29.0,111.0,23.0,19.0,36.0,6.0,26.0,62.0,14.0,48.0,59.0
1973-09-28,68.0,29.0,114.0,23.0,19.0,35.0,6.0,30.0,60.0,15.0,48.0,57.0
1973-10-31,67.0,29.0,111.0,23.0,19.0,36.0,6.0,30.0,61.0,15.0,47.0,60.0
1973-11-30,66.0,27.0,112.0,23.0,19.0,34.0,6.0,27.0,58.0,14.0,48.0,57.0
1973-12-31,67.0,29.0,113.0,23.0,19.0,35.0,5.0,30.0,59.0,15.0,48.0,58.0
1974-01-31,69.0,29.0,113.0,22.0,19.0,35.0,6.0,30.0,60.0,15.0,47.0,58.0
1974-02-28,68.0,29.0,112.0,23.0,19.0,35.0,6.0,27.0,61.0,14.0,49.0,58.0
1974-03-29,67.0,29.0,113.0,23.0,19.0,35.0,5.0,31.0,59.0,15.0,48.0,55.0
1974-04-30,68.0,28.0,114.0,23.0,19.0,35.0,6.0,30.0,60.0,15.0,46.0,58.0
1974-05-31,68.0,28.0,113.0,23.0,19.0,35.0,6.0,28.0,60.0,15.0,48.0,58.0
1974-06-28,65.0,28.0,114.0,22.0,19.0,34.0,5.0,31.0,58.0,15.0,47.0,57.0
1974-07-31,68.0,27.0,112.0,23.0,18.0,34.0,6.0,30.0,56.0,15.0,47.0,57.0
1974-08-30,68.0,27.0,113.0,24.0,18.0,34.0,6.0,29.0,57.0,15.0,48.0,54.0
1974-09-30,68.0,27.0,113.0,24.0,18.0,33.0,5.0,31.0,56.0,15.0,46.0,54.0
1974-10-31,68.0,27.0,112.0,23.0,18.0,34.0,6.0,31.0,55.0,15.0,47.0,54.0
1974-11-29,64.0,25.0,111.0,24.0,19.0,34.0,6.0,27.0,54.0,14.0,48.0,52.0
1974-12-31,66.0,26.0,114.0,24.0,17.0,33.0,6.0,30.0,54.0,15.0,46.0,51.0
1975-01-31,67.0,26.0,111.0,22.0,19.0,33.0,6.0,30.0,57.0,15.0,47.0,57.0
1975-02-28,66.0,26.0,113.0,24.0,18.0,33.0,6.0,29.0,57.0,14.0,48.0,56.0
1975-03-31,67.0,27.0,113.0,24.0,19.0,33.0,6.0,29.0,58.0,15.0,48.0,57.0
1975-04-30,66.0,26.0,113.0,23.0,19.0,33.0,6.0,30.0,58.0,15.0,47.0,58.0
1975-05-30,67.0,26.0,113.0,24.0,18.0,33.0,6.0,29.0,57.0,15.0,47.0,58.0
1975-06-30,68.0,26.0,112.0,24.0,18.0,33.0,6.0,31.0,58.0,15.0,47.0,58.0
1975-07-31,67.0,26.0,112.0,24.0,18.0,33.0,6.0,30.0,58.0,15.0,46.0,57.0
1975-08-29,67.0,26.0,113.0,24.0,18.0,33.0,6.0,30.0,58.0,15.0,46.0,56.0
1975-09-30,67.0,26.0,112.0,25.0,18.0,33.0,6.0,30.0,58.0,15.0,46.0,56.0
1975-10-31,67.0,25.0,111.0,25.0,18.0,33.0,6.0,30.0,58.0,15.0,45.0,56.0
1975-11-28,66.0,24.0,110.0,25.0,19.0,34.0,6.0,28.0,57.0,15.0,46.0,54.0
1975-12-31,66.0,27.0,112.0,25.0,19.0,33.0,6.0,31.0,58.0,15.0,47.0,55.0
1976-01-30,66.0,25.0,111.0,23.0,19.0,33.0,6.0,31.0,58.0,15.0,45.0,55.0
1976-02-27,66.0,25.0,112.0,24.0,19.0,33.0,6.0,28.0,58.0,14.0,45.0,56.0
1976-03-31,66.0,26.0,110.0,24.0,19.0,34.0,5.0,31.0,56.0,15.0,45.0,56.0
1976-04-30,65.0,25.0,110.0,24.0,19.0,33.0,6.0,31.0,57.0,15.0,45.0,56.0
1976-05-28,65.0,24.0,109.0,24.0,18.0,33.0,6.0,31.0,57.0,15.0,45.0,55.0
1976-06-30,64.0,25.0,109.0,23.0,18.0,33.0,5.0,31.0,57.0,15.0,45.0,55.0
1976-07-30,64.0,25.0,109.0,24.0,18.0,33.0,6.0,31.0,55.0,15.0,45.0,55.0
1976-08-31,64.0,24.0,111.0,24.0,18.0,32.0,6.0,30.0,56.0,15.0,46.0,55.0
1976-09-30,63.0,23.0,110.0,24.0,19.0,33.0,6.0,31.0,57.0,15.0,46.0,55.0
1976-10-29,65.0,24.0,111.0,25.0,18.0,32.0,6.0,31.0,57.0,15.0,46.0,55.0
1976-11-30,63.0,22.0,109.0,22.0,18.0,32.0,6.0,31.0,57.0,15.0,46.0,54.0
1976-12-31,65.0,25.0,110.0,25.0,19.0,33.0,6.0,31.0,58.0,15.0,46.0,53.0
1977-01-31,65.0,24.0,107.0,23.0,19.0,32.0,6.0,32.0,58.0,15.0,46.0,54.0
1977-02-28,63.0,24.0,110.0,25.0,19.0,32.0,6.0,28.0,56.0,14.0,47.0,54.0
1977-03-31,65.0,24.0,109.0,24.0,19.0,32.0,6.0,30.0,58.0,15.0,47.0,53.0
1977-04-29,64.0,24.0,109.0,24.0,19.0,32.0,6.0,32.0,57.0,15.0,46.0,54.0
1977-05-31,64.0,23.0,110.0,22.0,19.0,32.0,6.0,28.0,56.0,15.0,47.0,54.0
1977-06-30,63.0,24.0,109.0,23.0,19.0,32.0,6.0,30.0,55.0,15.0,44.0,52.0
1977-07-29,62.0,23.0,107.0,24.0,19.0,33.0,6.0,32.0,57.0,15.0,47.0,52.0
1977-08-31,62.0,24.0,107.0,24.0,19.0,33.0,6.0,29.0,56.0,15.0,47.0,53.0
1977-09-30,63.0,23.0,105.0,23.0,19.0,33.0,6.0,30.0,56.0,15.0,47.0,53.0
1977-10-31,63.0,23.0,105.0,23.0,19.0,34.0,6.0,32.0,56.0,15.0,48.0,53.0
1977-11-30,61.0,21.0,104.0,22.0,18.0,34.0,6.0,28.0,55.0,15.0,48.0,53.0
1977-12-30,64.0,24.0,106.0,23.0,18.0,34.0,6.0,31.0,56.0,15.0,49.0,53.0
1978-01-31,63.0,24.0,105.0,23.0,18.0,34.0,6.0,32.0,57.0,15.0,47.0,53.0
1978-02-28,62.0,23.0,104.0,23.0,18.0,34.0,6.0,30.0,55.0,14.0,48.0,53.0
1978-03-31,62.0,23.0,105.0,23.0,18.0,34.0,6.0,31.0,57.0,14.0,46.0,54.0
1978-04-28,61.0,22.0,103.0,23.0,19.0,33.0,6.0,32.0,56.0,14.0,46.0,53.0
1978-05-31,61.0,21.0,105.0,22.0,18.0,33.0,6.0,30.0,56.0,14.0,46.0,52.0
1978-06-30,60.0,22.0,104.0,22.0,18.0,33.0,6.0,31.0,56.0,14.0,47.0,52.0
1978-07-31,60.0,21.0,103.0,22.0,18.0,33.0,6.0,31.0,56.0,14.0,47.0,52.0
1978-08-31,57.0,21.0,101.0,22.0,18.0,33.0,6.0,30.0,55.0,14.0,46.0,51.0
1978-09-29,59.0,22.0,103.0,22.0,18.0,33.0,6.0,31.0,55.0,14.0,46.0,51.0
1978-10-31,59.0,22.0,102.0,23.0,18.0,33.0,6.0,31.0,56.0,14.0,46.0,52.0
1978-11-30,59.0,21.0,104.0,22.0,17.0,33.0,6.0,31.0,55.0,14.0,46.0,52.0
1978-12-29,59.0,20.0,106.0,23.0,18.0,33.0,6.0,30.0,56.0,14.0,43.0,51.0
1979-01-31,58.0,21.0,99.0,22.0,18.0,33.0,6.0,31.0,54.0,14.0,45.0,50.0
1979-02-28,57.0,21.0,102.0,22.0,18.0,33.0,6.0,28.0,55.0,14.0,45.0,52.0
1979-03-30,58.0,21.0,102.0,22.0,18.0,34.0,6.0,31.0,55.0,14.0,43.0,52.0
1979-04-30,57.0,21.0,102.0,22.0,18.0,33.0,6.0,32.0,55.0,13.0,44.0,50.0
1979-05-31,57.0,19.0,101.0,22.0,18.0,34.0,6.0,27.0,55.0,14.0,47.0,50.0
1979-06-29,56.0,21.0,101.0,21.0,18.0,31.0,6.0,30.0,55.0,14.0,44.0,52.0
1979-07-31,57.0,21.0,99.0,22.0,18.0,33.0,6.0,31.0,52.0,13.0,44.0,51.0
1979-08-31,56.0,21.0,100.0,22.0,18.0,33.0,6.0,26.0,54.0,13.0,46.0,51.0
1979-09-28,56.0,21.0,99.0,22.0,18.0,33.0,6.0,31.0,53.0,13.0,46.0,50.0
1979-10-31,56.0,19.0,98.0,22.0,18.0,33.0,6.0,29.0,54.0,13.0,46.0,50.0
1979-11-30,57.0,21.0,98.0,22.0,17.0,33.0,6.0,29.0,54.0,13.0,47.0,51.0
1979-12-31,57.0,22.0,101.0,23.0,17.0,32.0,6.0,30.0,54.0,13.0,47.0,50.0
1980-01-31,55.0,19.0,97.0,23.0,18.0,33.0,6.0,31.0,52.0,13.0,46.0,49.0
1980-02-29,55.0,20.0,97.0,22.0,17.0,33.0,6.0,31.0,53.0,13.0,46.0,49.0
1980-03-31,55.0,20.0,97.0,23.0,17.0,33.0,6.0,30.0,51.0,13.0,46.0,49.0
1980-04-30,53.0,20.0,97.0,22.0,17.0,33.0,6.0,32.0,51.0,13.0,46.0,49.0
1980-05-30,53.0,20.0,97.0,22.0,17.0,33.0,6.0,32.0,51.0,13.0,48.0,49.0
1980-06-30,53.0,20.0,96.0,23.0,17.0,33.0,5.0,31.0,50.0,13.0,48.0,50.0
1980-07-31,53.0,20.0,97.0,23.0,17.0,33.0,5.0,31.0,50.0,13.0,47.0,50.0
1980-08-29,52.0,20.0,97.0,24.0,18.0,33.0,5.0,31.0,49.0,13.0,46.0,50.0
1980-09-30,52.0,20.0,97.0,24.0,18.0,32.0,5.0,30.0,52.0,13.0,48.0,50.0
1980-10-31,50.0,20.0,94.0,24.0,18.0,34.0,5.0,31.0,52.0,13.0,47.0,49.0
1980-11-28,53.0,20.0,94.0,24.0,17.0,33.0,5.0,31.0,52.0,13.0,45.0,48.0
1980-12-31,53.0,21.0,97.0,25.0,17.0,33.0,6.0,30.0,51.0,13.0,49.0,48.0
1981-01-30,51.0,20.0,97.0,25.0,17.0,32.0,5.0,31.0,51.0,13.0,49.0,46.0
1981-02-27,51.0,20.0,96.0,25.0,17.0,33.0,5.0,31.0,50.0,13.0,48.0,48.0
1981-03-31,51.0,18.0,97.0,25.0,17.0,34.0,5.0,30.0,48.0,13.0,48.0,48.0
1981-04-30,51.0,18.0,96.0,23.0,17.0,34.0,5.0,32.0,49.0,13.0,48.0,47.0
1981-05-29,49.0,20.0,95.0,24.0,17.0,34.0,5.0,30.0,48.0,12.0,49.0,47.0
1981-06-30,50.0,20.0,96.0,25.0,17.0,34.0,5.0,29.0,49.0,12.0,48.0,45.0
1981-07-31,48.0,20.0,94.0,25.0,16.0,35.0,5.0,32.0,49.0,12.0,49.0,48.0
1981-08-31,45.0,20.0,95.0,24.0,16.0,34.0,5.0,31.0,47.0,12.0,49.0,48.0
1981-09-30,49.0,20.0,94.0,26.0,17.0,35.0,5.0,28.0,48.0,12.0,50.0,47.0
1981-10-30,48.0,20.0,94.0,25.0,16.0,35.0,5.0,32.0,48.0,13.0,48.0,47.0
1981-11-30,50.0,20.0,93.0,25.0,16.0,35.0,5.0,30.0,47.0,12.0,50.0,47.0
1981-12-31,49.0,19.0,96.0,25.0,16.0,35.0,5.0,29.0,47.0,13.0,49.0,47.0
1982-01-29,49.0,19.0,94.0,27.0,17.0,35.0,5.0,32.0,46.0,13.0,47.0,47.0
1982-02-26,49.0,19.0,95.0,27.0,16.0,35.0,5.0,29.0,47.0,13.0,49.0,47.0
1982-03-31,49.0,19.0,94.0,25.0,16.0,35.0,5.0,31.0,46.0,13.0,48.0,47.0
1982-04-30,48.0,19.0,93.0,27.0,16.0,35.0,5.0,31.0,46.0,13.0,46.0,47.0
1982-05-28,48.0,20.0,95.0,28.0,17.0,36.0,5.0,29.0,46.0,13.0,48.0,47.0
1982-06-30,46.0,19.0,94.0,28.0,16.0,36.0,5.0,31.0,44.0,13.0,48.0,42.0
1982-07-30,47.0,19.0,93.0,26.0,16.0,35.0,5.0,31.0,45.0,13.0,49.0,46.0
1982-08-31,46.0,19.0,93.0,28.0,16.0,35.0,5.0,29.0,45.0,13.0,50.0,46.0
1982-09-30,47.0,19.0,94.0,27.0,16.0,36.0,5.0,30.0,45.0,13.0,49.0,45.0
1982-10-29,45.0,19.0,92.0,27.0,16.0,36.0,5.0,30.0,45.0,13.0,49.0,46.0
1982-11-30,46.0,19.0,93.0,27.0,16.0,37.0,5.0,30.0,46.0,13.0,49.0,46.0
1982-12-31,46.0,20.0,93.0,26.0,16.0,36.0,5.0,30.0,45.0,13.0,48.0,46.0
1983-01-31,46.0,19.0,93.0,28.0,17.0,36.0,5.0,31.0,46.0,13.0,48.0,46.0
1983-02-28,46.0,19.0,88.0,27.0,16.0,36.0,5.0,32.0,44.0,13.0,48.0,43.0
1983-03-31,46.0,20.0,90.0,27.0,16.0,36.0,5.0,30.0,47.0,13.0,55.0,47.0
1983-04-29,68.0,28.0,139.0,69.0,22.0,103.0,11.0,37.0,82.0,30.0,129.0,93.0
1983-05-31,72.0,31.0,147.0,77.0,23.0,114.0,12.0,37.0,86.0,36.0,153.0,101.0
1983-06-30,71.0,29.0,148.0,76.0,23.0,114.0,12.0,37.0,91.0,36.0,156.0,100.0
1983-07-29,73.0,31.0,146.0,77.0,23.0,116.0,12.0,38.0,92.0,37.0,151.0,105.0
1983-08-31,72.0,32.0,146.0,75.0,23.0,120.0,12.0,39.0,93.0,38.0,154.0,106.0
1983-09-30,74.0,32.0,147.0,74.0,24.0,121.0,12.0,38.0,93.0,38.0,159.0,107.0
1983-10-31,74.0,32.0,147.0,75.0,23.0,123.0,12.0,39.0,95.0,40.0,157.0,107.0
1983-11-30,74.0,31.0,149.0,76.0,24.0,130.0,12.0,38.0,98.0,42.0,162.0,110.0
1983-12-30,73.0,33.0,148.0,77.0,23.0,134.0,12.0,37.0,96.0,45.0,167.0,112.0
1984-01-31,76.0,34.0,149.0,75.0,24.0,137.0,13.0,38.0,98.0,47.0,166.0,116.0
1984-02-29,73.0,33.0,147.0,73.0,24.0,141.0,9.0,38.0,101.0,49.0,168.0,114.0
1984-03-30,76.0,34.0,147.0,71.0,24.0,147.0,14.0,37.0,101.0,52.0,173.0,119.0
1984-04-30,75.0,34.0,148.0,73.0,24.0,151.0,15.0,37.0,103.0,52.0,174.0,122.0
1984-05-31,76.0,34.0,148.0,70.0,25.0,159.0,15.0,39.0,107.0,53.0,179.0,122.0
1984-06-29,76.0,33.0,150.0,70.0,25.0,159.0,12.0,38.0,109.0,54.0,181.0,125.0
1984-07-31,74.0,34.0,148.0,71.0,25.0,162.0,16.0,39.0,109.0,56.0,181.0,126.0
1984-08-31,75.0,34.0,151.0,71.0,25.0,166.0,17.0,39.0,111.0,57.0,187.0,125.0
1984-09-28,71.0,35.0,152.0,72.0,25.0,166.0,16.0,38.0,110.0,58.0,188.0,128.0
1984-10-31,74.0,35.0,151.0,70.0,25.0,164.0,17.0,37.0,110.0,58.0,188.0,129.0
1984-11-30,73.0,34.0,149.0,71.0,26.0,164.0,17.0,38.0,110.0,55.0,192.0,128.0
1984-12-31,73.0,35.0,154.0,67.0,25.0,166.0,18.0,38.0,110.0,56.0,200.0,126.0
1985-01-31,73.0,36.0,153.0,69.0,25.0,168.0,18.0,39.0,110.0,58.0,196.0,128.0
1985-02-28,72.0,36.0,151.0,68.0,25.0,168.0,18.0,38.0,111.0,58.0,194.0,128.0
1985-03-29,74.0,35.0,151.0,68.0,24.0,170.0,18.0,38.0,110.0,60.0,195.0,129.0
1985-04-30,75.0,35.0,151.0,68.0,25.0,169.0,18.0,39.0,111.0,61.0,197.0,133.0
1985-05-31,73.0,35.0,150.0,65.0,25.0,170.0,19.0,37.0,109.0,60.0,193.0,133.0
1985-06-28,74.0,35.0,152.0,65.0,26.0,169.0,18.0,37.0,111.0,59.0,197.0,132.0
1985-07-31,73.0,34.0,150.0,65.0,26.0,167.0,19.0,38.0,111.0,61.0,196.0,131.0
1985-08-30,73.0,33.0,149.0,64.0,26.0,169.0,19.0,38.0,110.0,62.0,197.0,130.0
1985-09-30,71.0,33.0,147.0,66.0,25.0,168.0,18.0,37.0,109.0,61.0,198.0,131.0
1985-10-31,72.0,34.0,147.0,65.0,25.0,171.0,18.0,39.0,109.0,62.0,199.0,132.0
1985-11-29,71.0,34.0,146.0,62.0,25.0,172.0,20.0,38.0,109.0,60.0,205.0,130.0
1985-12-31,74.0,34.0,149.0,62.0,25.0,172.0,18.0,36.0,107.0,63.0,213.0,131.0
1986-01-31,72.0,33.0,149.0,63.0,25.0,175.0,18.0,38.0,111.0,63.0,207.0,134.0
1986-02-28,72.0,34.0,149.0,59.0,24.0,175.0,20.0,37.0,113.0,62.0,211.0,132.0
1986-03-31,72.0,33.0,148.0,59.0,25.0,176.0,19.0,38.0,114.0,61.0,213.0,133.0
1986-04-30,71.0,35.0,153.0,62.0,24.0,173.0,19.0,38.0,122.0,65.0,201.0,135.0
1986-05-30,69.0,35.0,153.0,62.0,23.0,172.0,19.0,39.0,120.0,67.0,207.0,135.0
1986-06-30,69.0,33.0,151.0,63.0,23.0,171.0,19.0,39.0,118.0,64.0,204.0,134.0
1986-07-31,69.0,35.0,152.0,60.0,25.0,171.0,19.0,39.0,121.0,67.0,205.0,134.0
1986-08-29,69.0,34.0,150.0,62.0,25.0,174.0,19.0,39.0,119.0,68.0,209.0,133.0
1986-09-30,68.0,34.0,150.0,61.0,26.0,169.0,19.0,39.0,123.0,68.0,206.0,132.0
1986-10-31,67.0,34.0,148.0,57.0,26.0,175.0,20.0,38.0,123.0,69.0,211.0,137.0
1986-11-28,67.0,34.0,150.0,56.0,26.0,174.0,20.0,39.0,125.0,70.0,218.0,135.0
1986-12-31,69.0,33.0,146.0,55.0,26.0,176.0,20.0,39.0,125.0,72.0,223.0,130.0
1987-01-30,69.0,33.0,146.0,53.0,26.0,175.0,22.0,39.0,123.0,73.0,221.0,138.0
1987-02-27,68.0,35.0,147.0,55.0,25.0,178.0,21.0,39.0,127.0,73.0,223.0,138.0
1987-03-31,71.0,36.0,146.0,55.0,26.0,176.0,22.0,39.0,128.0,74.0,233.0,142.0
1987-04-30,71.0,35.0,146.0,54.0,26.0,179.0,22.0,39.0,130.0,74.0,234.0,143.0
1987-05-29,72.0,36.0,144.0,55.0,27.0,182.0,23.0,39.0,130.0,77.0,238.0,145.0
1987-06-30,71.0,36.0,148.0,52.0,26.0,181.0,21.0,39.0,131.0,78.0,242.0,144.0
1987-07-31,70.0,35.0,148.0,54.0,26.0,181.0,24.0,39.0,132.0,80.0,246.0,147.0
1987-08-31,71.0,34.0,150.0,54.0,28.0,181.0,22.0,39.0,133.0,81.0,247.0,146.0
1987-09-30,70.0,34.0,149.0,54.0,27.0,182.0,21.0,39.0,128.0,79.0,250.0,151.0
1987-10-30,71.0,35.0,150.0,52.0,27.0,179.0,21.0,39.0,129.0,80.0,256.0,150.0
1987-11-30,70.0,34.0,147.0,52.0,28.0,182.0,23.0,40.0,129.0,80.0,259.0,149.0
1987-12-31,71.0,35.0,148.0,50.0,29.0,182.0,23.0,40.0,129.0,81.0,260.0,148.0
1988-01-29,74.0,33.0,150.0,51.0,29.0,184.0,23.0,40.0,129.0,81.0,263.0,147.0
1988-02-29,74.0,36.0,147.0,53.0,29.0,186.0,25.0,40.0,131.0,80.0,260.0,149.0
1988-03-31,74.0,36.0,147.0,53.0,29.0,189.0,24.0,39.0,130.0,79.0,258.0,147.0
1988-04-29,74.0,34.0,147.0,51.0,29.0,187.0,25.0,39.0,129.0,78.0,262.0,147.0
1988-05-31,73.0,34.0,143.0,51.0,29.0,186.0,24.0,40.0,129.0,79.0,261.0,142.0
1988-06-30,71.0,35.0,144.0,52.0,29.0,182.0,24.0,39.0,126.0,77.0,264.0,145.0
1988-07-29,73.0,34.0,138.0,51.0,29.0,184.0,24.0,39.0,127.0,78.0,265.0,147.0
1988-08-31,72.0,33.0,143.0,49.0,29.0,184.0,25.0,39.0,124.0,79.0,260.0,142.0
1988-09-30,75.0,33.0,142.0,49.0,29.0,182.0,25.0,39.0,123.0,75.0,263.0,141.0
1988-10-31,74.0,34.0,140.0,50.0,29.0,180.0,26.0,38.0,123.0,76.0,264.0,141.0
1988-11-30,74.0,34.0,141.0,49.0,28.0,178.0,26.0,39.0,122.0,79.0,267.0,140.0
1988-12-30,72.0,34.0,138.0,50.0,28.0,178.0,26.0,39.0,123.0,79.0,263.0,141.0
1989-01-31,72.0,33.0,140.0,50.0,28.0,180.0,26.0,38.0,122.0,82.0,262.0,138.0
1989-02-28,71.0,34.0,142.0,49.0,28.0,177.0,26.0,39.0,120.0,82.0,261.0,139.0
1989-03-31,73.0,33.0,142.0,50.0,26.0,179.0,26.0,39.0,120.0,82.0,262.0,138.0
1989-04-28,72.0,32.0,142.0,51.0,27.0,179.0,24.0,39.0,120.0,84.0,262.0,135.0
1989-05-31,71.0,32.0,140.0,50.0,28.0,174.0,23.0,39.0,120.0,82.0,262.0,132.0
1989-06-30,71.0,33.0,141.0,51.0,27.0,171.0,26.0,38.0,119.0,84.0,262.0,136.0
1989-07-31,70.0,33.0,139.0,51.0,27.0,173.0,26.0,39.0,116.0,78.0,261.0,129.0
1989-08-31,71.0,32.0,140.0,50.0,26.0,174.0,25.0,38.0,119.0,82.0,262.0,128.0
1989-09-29,72.0,33.0,140.0,52.0,26.0,169.0,25.0,38.0,119.0,82.0,259.0,134.0
1989-10-31,70.0,32.0,141.0,51.0,26.0,171.0,25.0,39.0,118.0,81.0,258.0,133.0
1989-11-30,69.0,33.0,141.0,51.0,26.0,172.0,25.0,38.0,120.0,79.0,259.0,127.0
1989-12-29,68.0,33.0,137.0,51.0,26.0,170.0,26.0,39.0,120.0,75.0,255.0,128.0
1990-01-31,68.0,33.0,136.0,49.0,26.0,164.0,26.0,39.0,119.0,78.0,251.0,130.0
1990-02-28,67.0,33.0,136.0,51.0,26.0,166.0,25.0,39.0,117.0,77.0,249.0,129.0
1990-03-30,68.0,33.0,137.0,51.0,25.0,171.0,26.0,38.0,119.0,77.0,246.0,132.0
1990-04-30,68.0,33.0,138.0,51.0,25.0,169.0,24.0,39.0,120.0,79.0,242.0,131.0
1990-05-31,69.0,31.0,137.0,52.0,26.0,170.0,26.0,39.0,118.0,79.0,248.0,132.0
1990-06-29,68.0,32.0,134.0,52.0,26.0,169.0,26.0,39.0,116.0,81.0,251.0,133.0
1990-07-31,68.0,32.0,134.0,52.0,26.0,168.0,25.0,39.0,117.0,79.0,246.0,130.0
1990-08-31,66.0,32.0,132.0,52.0,26.0,165.0,24.0,39.0,115.0,77.0,243.0,123.0
1990-09-28,67.0,32.0,133.0,52.0,26.0,165.0,24.0,39.0,116.0,79.0,237.0,124.0
1990-10-31,68.0,31.0,131.0,51.0,26.0,163.0,24.0,39.0,115.0,81.0,233.0,127.0
1990-11-30,69.0,31.0,133.0,52.0,26.0,165.0,24.0,39.0,115.0,83.0,239.0,125.0
1990-12-31,69.0,31.0,130.0,52.0,27.0,162.0,24.0,38.0,116.0,84.0,238.0,127.0
1991-01-31,69.0,32.0,130.0,52.0,26.0,164.0,24.0,38.0,118.0,86.0,238.0,129.0
1991-02-28,69.0,33.0,132.0,53.0,26.0,167.0,24.0,38.0,116.0,85.0,242.0,131.0
1991-03-28,69.0,32.0,131.0,52.0,26.0,166.0,23.0,38.0,117.0,86.0,242.0,133.0
1991-04-30,69.0,32.0,130.0,52.0,26.0,166.0,24.0,39.0,118.0,85.0,239.0,133.0
1991-05-31,69.0,32.0,127.0,52.0,25.0,165.0,25.0,38.0,117.0,84.0,238.0,134.0
1991-06-28,68.0,32.0,128.0,52.0,25.0,163.0,25.0,38.0,113.0,83.0,237.0,132.0
1991-07-31,69.0,32.0,128.0,51.0,25.0,161.0,23.0,38.0,113.0,84.0,235.0,133.0
1991-08-30,68.0,32.0,129.0,51.0,24.0,163.0,21.0,38.0,114.0,85.0,235.0,129.0
1991-09-30,69.0,32.0,127.0,50.0,25.0,160.0,24.0,38.0,115.0,86.0,232.0,131.0
1991-10-31,69.0,31.0,127.0,54.0,25.0,163.0,24.0,38.0,116.0,87.0,235.0,132.0
1991-11-29,68.0,32.0,128.0,53.0,25.0,164.0,24.0,39.0,117.0,90.0,235.0,132.0
1991-12-31,69.0,31.0,127.0,53.0,25.0,163.0,24.0,38.0,117.0,93.0,236.0,135.0
1992-01-31,70.0,31.0,129.0,53.0,25.0,164.0,25.0,38.0,118.0,92.0,236.0,134.0
1992-02-28,70.0,31.0,127.0,51.0,25.0,164.0,24.0,38.0,120.0,95.0,236.0,131.0
1992-03-31,72.0,30.0,129.0,52.0,24.0,164.0,25.0,38.0,121.0,96.0,236.0,129.0
1992-04-30,71.0,31.0,129.0,51.0,25.0,166.0,24.0,38.0,121.0,98.0,237.0,131.0
1992-05-29,71.0,31.0,127.0,51.0,25.0,167.0,25.0,38.0,121.0,99.0,233.0,131.0
1992-06-30,70.0,30.0,127.0,50.0,25.0,163.0,24.0,38.0,121.0,100.0,234.0,131.0
1992-07-31,71.0,30.0,127.0,48.0,25.0,164.0,25.0,38.0,121.0,95.0,235.0,130.0
1992-08-31,70.0,30.0,128.0,48.0,26.0,165.0,25.0,38.0,123.0,103.0,238.0,127.0
1992-09-30,72.0,30.0,128.0,48.0,26.0,164.0,25.0,38.0,124.0,101.0,237.0,126.0
1992-10-30,71.0,30.0,127.0,48.0,26.0,167.0,25.0,38.0,124.0,105.0,232.0,129.0
1992-11-30,72.0,30.0,129.0,48.0,27.0,166.0,25.0,38.0,127.0,106.0,233.0,129.0
1992-12-31,72.0,30.0,129.0,49.0,27.0,166.0,24.0,38.0,126.0,106.0,236.0,131.0
1993-01-29,72.0,30.0,128.0,48.0,27.0,169.0,24.0,38.0,128.0,107.0,235.0,131.0
1993-02-26,71.0,31.0,129.0,50.0,27.0,168.0,24.0,38.0,128.0,108.0,236.0,127.0
1993-03-31,72.0,30.0,129.0,51.0,27.0,171.0,22.0,38.0,128.0,108.0,230.0,131.0
1993-04-30,72.0,32.0,129.0,52.0,27.0,170.0,24.0,38.0,130.0,109.0,234.0,128.0
1993-05-28,73.0,32.0,130.0,51.0,27.0,171.0,24.0,38.0,133.0,112.0,234.0,128.0
1993-06-30,73.0,32.0,130.0,52.0,27.0,171.0,24.0,37.0,133.0,111.0,235.0,130.0
1993-07-30,73.0,31.0,130.0,52.0,27.0,173.0,25.0,38.0,134.0,112.0,234.0,132.0
1993-08-31,72.0,32.0,130.0,51.0,27.0,176.0,24.0,37.0,135.0,114.0,240.0,133.0
1993-09-30,73.0,32.0,130.0,50.0,27.0,177.0,24.0,38.0,137.0,113.0,243.0,133.0
1993-10-29,71.0,32.0,131.0,51.0,27.0,179.0,25.0,38.0,137.0,114.0,242.0,137.0
1993-11-30,74.0,33.0,132.0,52.0,26.0,180.0,25.0,38.0,141.0,115.0,248.0,136.0
1993-12-31,74.0,33.0,133.0,52.0,27.0,181.0,26.0,38.0,142.0,115.0,249.0,139.0
1994-01-31,74.0,33.0,133.0,53.0,27.0,183.0,26.0,38.0,144.0,117.0,244.0,138.0
1994-02-28,74.0,34.0,135.0,53.0,27.0,184.0,25.0,38.0,145.0,116.0,247.0,141.0
1994-03-31,75.0,36.0,136.0,53.0,27.0,183.0,26.0,38.0,146.0,116.0,247.0,140.0
1994-04-29,76.0,36.0,136.0,54.0,27.0,185.0,25.0,39.0,149.0,117.0,251.0,143.0
1994-05-31,77.0,36.0,139.0,55.0,28.0,187.0,27.0,38.0,153.0,115.0,254.0,147.0
1994-06-30,79.0,36.0,141.0,54.0,28.0,186.0,27.0,38.0,152.0,117.0,252.0,143.0
1994-07-29,74.0,36.0,140.0,54.0,28.0,186.0,30.0,38.0,153.0,116.0,257.0,148.0
1994-08-31,77.0,37.0,143.0,54.0,28.0,186.0,29.0,37.0,158.0,117.0,258.0,151.0
1994-09-30,80.0,38.0,144.0,55.0,28.0,188.0,30.0,37.0,156.0,120.0,259.0,151.0
1994-10-31,80.0,38.0,146.0,54.0,29.0,190.0,31.0,37.0,159.0,121.0,257.0,152.0
1994-11-30,80.0,39.0,146.0,54.0,29.0,191.0,32.0,37.0,159.0,120.0,260.0,153.0
1994-12-30,79.0,39.0,144.0,54.0,29.0,193.0,32.0,37.0,156.0,119.0,265.0,154.0
1995-01-31,81.0,40.0,146.0,54.0,29.0,192.0,30.0,37.0,159.0,120.0,256.0,156.0
1995-02-28,79.0,39.0,145.0,54.0,29.0,190.0,31.0,37.0,159.0,121.0,259.0,156.0
1995-03-31,79.0,39.0,145.0,54.0,29.0,193.0,31.0,37.0,162.0,119.0,260.0,156.0
1995-04-28,81.0,39.0,147.0,52.0,28.0,194.0,31.0,37.0,162.0,119.0,260.0,158.0
1995-05-31,78.0,39.0,144.0,54.0,29.0,193.0,32.0,37.0,163.0,120.0,256.0,158.0
1995-06-30,78.0,39.0,145.0,54.0,29.0,196.0,31.0,36.0,163.0,120.0,257.0,159.0
1995-07-31,79.0,39.0,144.0,53.0,29.0,196.0,30.0,36.0,161.0,118.0,260.0,160.0
1995-08-31,78.0,38.0,144.0,52.0,29.0,201.0,30.0,36.0,159.0,118.0,260.0,159.0
1995-09-29,79.0,37.0,145.0,52.0,29.0,202.0,31.0,37.0,160.0,118.0,263.0,159.0
1995-10-31,79.0,38.0,146.0,52.0,29.0,201.0,30.0,36.0,158.0,118.0,265.0,160.0
1995-11-30,78.0,38.0,147.0,53.0,29.0,208.0,29.0,36.0,158.0,119.0,263.0,159.0
1995-12-29,77.0,37.0,143.0,53.0,28.0,206.0,31.0,37.0,161.0,118.0,267.0,163.0
1996-01-31,77.0,38.0,147.0,53.0,29.0,212.0,32.0,36.0,162.0,118.0,258.0,162.0
1996-02-29,77.0,38.0,147.0,53.0,29.0,213.0,31.0,37.0,159.0,117.0,260.0,163.0
1996-03-29,78.0,38.0,147.0,52.0,27.0,215.0,32.0,37.0,160.0,121.0,262.0,158.0
1996-04-30,78.0,38.0,150.0,52.0,29.0,218.0,33.0,37.0,164.0,122.0,261.0,165.0
1996-05-31,79.0,37.0,148.0,52.0,28.0,224.0,33.0,37.0,165.0,122.0,258.0,166.0
1996-06-28,80.0,37.0,146.0,53.0,28.0,224.0,33.0,37.0,166.0,125.0,266.0,168.0
1996-07-31,79.0,38.0,149.0,52.0,28.0,225.0,35.0,37.0,165.0,122.0,264.0,169.0
1996-08-30,78.0,38.0,149.0,52.0,28.0,230.0,31.0,37.0,166.0,126.0,266.0,169.0
1996-09-30,80.0,38.0,149.0,52.0,26.0,236.0,35.0,37.0,166.0,127.0,268.0,167.0
1996-10-31,79.0,38.0,149.0,52.0,28.0,240.0,35.0,37.0,168.0,130.0,270.0,170.0
1996-11-29,78.0,37.0,151.0,51.0,28.0,244.0,37.0,37.0,169.0,133.0,270.0,169.0
1996-12-31,79.0,36.0,146.0,51.0,27.0,244.0,37.0,37.0,167.0,135.0,274.0,169.0
1997-01-31,80.0,37.0,149.0,51.0,26.0,246.0,34.0,37.0,170.0,135.0,271.0,176.0
1997-02-28,78.0,38.0,149.0,51.0,26.0,247.0,38.0,37.0,168.0,132.0,269.0,178.0
1997-03-31,80.0,37.0,150.0,52.0,25.0,252.0,39.0,37.0,169.0,137.0,273.0,182.0
1997-04-30,78.0,37.0,149.0,52.0,26.0,252.0,39.0,37.0,174.0,136.0,272.0,184.0
1997-05-30,80.0,37.0,150.0,52.0,26.0,253.0,40.0,38.0,174.0,136.0,273.0,182.0
1997-06-30,80.0,37.0,150.0,52.0,27.0,255.0,38.0,36.0,173.0,136.0,271.0,183.0
1997-07-31,80.0,37.0,149.0,51.0,27.0,252.0,40.0,36.0,174.0,138.0,268.0,185.0
1997-08-29,77.0,37.0,149.0,51.0,27.0,258.0,39.0,35.0,172.0,136.0,271.0,182.0
1997-09-30,79.0,37.0,149.0,50.0,27.0,253.0,39.0,35.0,170.0,136.0,271.0,183.0
1997-10-31,79.0,37.0,149.0,50.0,27.0,259.0,40.0,35.0,170.0,137.0,262.0,183.0
1997-11-28,77.0,37.0,149.0,50.0,27.0,259.0,39.0,36.0,169.0,136.0,268.0,184.0
1997-12-31,79.0,36.0,149.0,51.0,26.0,259.0,39.0,36.0,168.0,138.0,273.0,185.0
1998-01-30,76.0,36.0,149.0,49.0,27.0,260.0,37.0,36.0,168.0,139.0,269.0,184.0
1998-02-27,77.0,36.0,149.0,49.0,27.0,258.0,38.0,36.0,166.0,136.0,259.0,186.0
1998-03-31,78.0,37.0,148.0,49.0,28.0,260.0,39.0,36.0,163.0,139.0,267.0,184.0
1998-04-30,77.0,36.0,146.0,50.0,25.0,261.0,37.0,35.0,165.0,139.0,262.0,186.0
1998-05-29,78.0,36.0,146.0,48.0,27.0,261.0,39.0,35.0,163.0,136.0,262.0,186.0
1998-06-30,77.0,36.0,146.0,48.0,26.0,256.0,37.0,35.0,161.0,138.0,261.0,184.0
1998-07-31,78.0,35.0,146.0,47.0,27.0,257.0,39.0,34.0,163.0,137.0,263.0,184.0
1998-08-31,76.0,35.0,144.0,46.0,26.0,252.0,40.0,34.0,160.0,131.0,261.0,184.0
1998-09-30,78.0,34.0,144.0,45.0,27.0,254.0,39.0,34.0,161.0,136.0,261.0,181.0
1998-10-30,77.0,33.0,143.0,45.0,26.0,257.0,39.0,34.0,161.0,133.0,258.0,183.0
1998-11-30,77.0,31.0,143.0,45.0,27.0,254.0,40.0,34.0,160.0,133.0,257.0,186.0
1998-12-31,75.0,32.0,144.0,43.0,26.0,255.0,40.0,34.0,161.0,130.0,258.0,182.0
1999-01-29,76.0,32.0,142.0,43.0,25.0,252.0,39.0,34.0,160.0,129.0,257.0,179.0
1999-02-26,76.0,32.0,139.0,44.0,25.0,250.0,39.0,34.0,159.0,130.0,255.0,180.0
1999-03-31,75.0,32.0,138.0,41.0,24.0,245.0,35.0,34.0,157.0,127.0,257.0,174.0
1999-04-30,74.0,31.0,135.0,42.0,24.0,245.0,36.0,33.0,154.0,127.0,257.0,173.0
1999-05-28,73.0,32.0,133.0,41.0,24.0,242.0,36.0,34.0,152.0,125.0,259.0,171.0
1999-06-30,71.0,32.0,132.0,40.0,21.0,238.0,33.0,33.0,148.0,123.0,257.0,170.0
1999-07-30,72.0,33.0,131.0,39.0,23.0,243.0,34.0,33.0,151.0,126.0,248.0,167.0
1999-08-31,72.0,33.0,126.0,38.0,23.0,242.0,35.0,32.0,148.0,124.0,251.0,165.0
1999-09-30,73.0,32.0,130.0,38.0,23.0,244.0,32.0,33.0,145.0,122.0,252.0,165.0
1999-10-29,70.0,32.0,128.0,38.0,23.0,244.0,34.0,32.0,144.0,120.0,245.0,163.0
1999-11-30,72.0,32.0,120.0,37.0,23.0,247.0,35.0,31.0,147.0,118.0,244.0,161.0
1999-12-31,71.0,32.0,123.0,37.0,22.0,252.0,36.0,31.0,149.0,119.0,244.0,161.0
2000-01-31,70.0,32.0,124.0,38.0,22.0,252.0,37.0,28.0,148.0,119.0,241.0,163.0
2000-02-29,70.0,31.0,122.0,37.0,22.0,256.0,34.0,30.0,147.0,117.0,241.0,164.0
2000-03-31,70.0,32.0,121.0,37.0,23.0,253.0,38.0,30.0,146.0,116.0,238.0,161.0
2000-04-28,69.0,31.0,122.0,36.0,22.0,257.0,40.0,30.0,146.0,115.0,237.0,165.0
2000-05-31,68.0,31.0,118.0,38.0,22.0,261.0,40.0,29.0,143.0,115.0,235.0,164.0
2000-06-30,67.0,31.0,121.0,38.0,21.0,255.0,38.0,27.0,148.0,114.0,237.0,158.0
2000-07-31,67.0,31.0,118.0,36.0,22.0,262.0,37.0,28.0,143.0,116.0,235.0,162.0
2000-08-31,65.0,30.0,119.0,37.0,23.0,268.0,42.0,27.0,138.0,115.0,235.0,165.0
2000-09-29,68.0,31.0,113.0,36.0,21.0,270.0,43.0,28.0,138.0,113.0,237.0,160.0
2000-10-31,62.0,29.0,114.0,37.0,22.0,268.0,43.0,24.0,133.0,112.0,231.0,159.0
2000-11-30,63.0,29.0,110.0,36.0,21.0,259.0,44.0,27.0,129.0,111.0,231.0,154.0
2000-12-29,63.0,29.0,113.0,37.0,21.0,268.0,44.0,25.0,128.0,110.0,229.0,154.0
2001-01-31,64.0,28.0,113.0,36.0,21.0,274.0,46.0,25.0,132.0,114.0,226.0,157.0
2001-02-28,62.0,27.0,114.0,35.0,19.0,271.0,43.0,25.0,128.0,113.0,225.0,152.0
2001-03-30,59.0,26.0,113.0,38.0,21.0,261.0,42.0,26.0,129.0,112.0,223.0,149.0
2001-04-30,60.0,27.0,113.0,37.0,20.0,266.0,42.0,25.0,127.0,111.0,222.0,151.0
2001-05-31,59.0,27.0,111.0,37.0,20.0,268.0,38.0,26.0,125.0,111.0,222.0,154.0
2001-06-29,59.0,26.0,111.0,35.0,20.0,260.0,38.0,26.0,124.0,109.0,218.0,150.0
2001-07-31,58.0,25.0,111.0,36.0,20.0,253.0,34.0,25.0,120.0,110.0,220.0,147.0
2001-08-31,56.0,26.0,106.0,37.0,20.0,248.0,35.0,25.0,119.0,108.0,212.0,149.0
2001-09-28,58.0,26.0,106.0,35.0,20.0,233.0,34.0,26.0,120.0,109.0,213.0,147.0
2001-10-31,56.0,26.0,106.0,34.0,20.0,237.0,34.0,26.0,119.0,108.0,211.0,147.0
2001-11-30,57.0,26.0,107.0,34.0,19.0,245.0,35.0,23.0,118.0,108.0,209.0,148.0
2001-12-31,51.0,26.0,106.0,34.0,20.0,238.0,34.0,26.0,116.0,109.0,207.0,145.0
2002-01-31,55.0,26.0,104.0,29.0,19.0,240.0,34.0,26.0,113.0,109.0,207.0,143.0
2002-02-28,55.0,25.0,102.0,33.0,19.0,233.0,36.0,26.0,113.0,108.0,204.0,143.0
2002-03-28,55.0,25.0,101.0,33.0,19.0,234.0,37.0,26.0,111.0,110.0,204.0,140.0
2002-04-30,55.0,25.0,103.0,33.0,19.0,226.0,34.0,26.0,112.0,111.0,204.0,136.0
2002-05-31,54.0,24.0,101.0,33.0,18.0,221.0,31.0,25.0,110.0,110.0,202.0,133.0
2002-06-28,53.0,25.0,101.0,32.0,17.0,218.0,27.0,25.0,109.0,110.0,204.0,132.0
2002-07-31,54.0,25.0,100.0,32.0,18.0,207.0,27.0,22.0,110.0,108.0,202.0,130.0
2002-08-30,54.0,25.0,99.0,32.0,18.0,200.0,29.0,25.0,110.0,110.0,198.0,130.0
2002-09-30,54.0,24.0,97.0,30.0,18.0,188.0,26.0,19.0,110.0,109.0,202.0,129.0
2002-10-31,54.0,25.0,98.0,31.0,18.0,195.0,28.0,20.0,107.0,110.0,202.0,131.0
2002-11-29,54.0,25.0,97.0,31.0,18.0,212.0,27.0,22.0,109.0,108.0,200.0,130.0
2002-12-31,54.0,24.0,97.0,30.0,18.0,203.0,29.0,22.0,111.0,108.0,200.0,130.0
2003-01-31,54.0,25.0,96.0,30.0,18.0,203.0,28.0,24.0,109.0,106.0,200.0,128.0
2003-02-28,54.0,24.0,95.0,30.0,18.0,200.0,27.0,23.0,108.0,106.0,196.0,128.0
2003-03-31,52.0,24.0,94.0,30.0,18.0,200.0,27.0,23.0,108.0,103.0,198.0,126.0
2003-04-30,53.0,24.0,93.0,29.0,17.0,201.0,26.0,24.0,108.0,102.0,199.0,126.0
2003-05-30,52.0,23.0,92.0,30.0,17.0,201.0,27.0,24.0,108.0,103.0,199.0,126.0
2003-06-30,51.0,23.0,92.0,30.0,17.0,199.0,28.0,24.0,106.0,102.0,201.0,126.0
2003-07-31,52.0,22.0,91.0,30.0,17.0,196.0,27.0,24.0,105.0,102.0,199.0,126.0
2003-08-29,52.0,23.0,91.0,29.0,17.0,194.0,28.0,24.0,105.0,101.0,197.0,121.0
2003-09-30,52.0,23.0,91.0,29.0,17.0,194.0,27.0,24.0,104.0,100.0,201.0,123.0
2003-10-31,51.0,23.0,90.0,29.0,17.0,189.0,26.0,24.0,103.0,99.0,199.0,121.0
2003-11-28,51.0,23.0,90.0,29.0,17.0,190.0,27.0,24.0,103.0,99.0,196.0,121.0
2003-12-31,51.0,22.0,90.0,29.0,17.0,187.0,27.0,24.0,101.0,100.0,195.0,119.0
2004-01-30,50.0,23.0,89.0,28.0,17.0,187.0,27.0,24.0,101.0,98.0,196.0,119.0
2004-02-27,50.0,22.0,88.0,29.0,16.0,184.0,28.0,24.0,101.0,95.0,195.0,118.0
2004-03-31,51.0,22.0,88.0,28.0,15.0,183.0,29.0,24.0,101.0,98.0,195.0,119.0
2004-04-30,50.0,23.0,87.0,29.0,16.0,181.0,27.0,24.0,101.0,100.0,190.0,121.0
2004-05-28,50.0,23.0,87.0,29.0,16.0,182.0,28.0,23.0,101.0,99.0,194.0,123.0
2004-06-30,50.0,23.0,87.0,28.0,16.0,183.0,29.0,24.0,100.0,99.0,195.0,122.0
2004-07-30,49.0,22.0,86.0,29.0,16.0,180.0,28.0,24.0,100.0,100.0,184.0,121.0
2004-08-31,49.0,23.0,85.0,28.0,16.0,177.0,27.0,24.0,101.0,99.0,191.0,121.0
2004-09-30,49.0,23.0,86.0,29.0,16.0,179.0,27.0,24.0,99.0,101.0,189.0,122.0
2004-10-29,49.0,22.0,86.0,28.0,15.0,178.0,27.0,23.0,99.0,102.0,188.0,122.0
2004-11-30,48.0,23.0,84.0,29.0,16.0,178.0,28.0,25.0,100.0,105.0,188.0,122.0
2004-12-31,49.0,23.0,85.0,29.0,16.0,178.0,28.0,25.0,99.0,104.0,187.0,123.0
2005-01-31,48.0,23.0,84.0,29.0,16.0,175.0,28.0,24.0,99.0,106.0,186.0,123.0
2005-02-28,48.0,23.0,85.0,29.0,16.0,179.0,29.0,24.0,99.0,104.0,183.0,123.0
2005-03-31,49.0,23.0,83.0,28.0,16.0,174.0,28.0,22.0,97.0,106.0,181.0,122.0
2005-04-29,49.0,22.0,82.0,28.0,17.0,174.0,29.0,24.0,100.0,105.0,184.0,121.0
2005-05-31,48.0,22.0,83.0,29.0,17.0,174.0,29.0,24.0,100.0,105.0,187.0,123.0
2005-06-30,49.0,22.0,82.0,30.0,17.0,173.0,29.0,25.0,99.0,105.0,187.0,122.0
2005-07-29,49.0,22.0,82.0,29.0,17.0,172.0,29.0,25.0,99.0,105.0,187.0,120.0
2005-08-31,48.0,22.0,82.0,27.0,16.0,173.0,26.0,25.0,96.0,102.0,187.0,120.0
2005-09-30,47.0,20.0,80.0,28.0,17.0,171.0,29.0,24.0,100.0,104.0,189.0,119.0
2005-10-31,47.0,20.0,81.0,29.0,17.0,170.0,29.0,25.0,98.0,103.0,185.0,120.0
2005-11-30,48.0,21.0,81.0,29.0,17.0,171.0,28.0,25.0,98.0,101.0,190.0,122.0
2005-12-30,47.0,21.0,79.0,30.0,17.0,170.0,29.0,25.0,98.0,104.0,183.0,121.0
2006-01-31,48.0,21.0,82.0,30.0,17.0,171.0,27.0,25.0,97.0,102.0,188.0,121.0
2006-02-28,48.0,20.0,81.0,28.0,17.0,168.0,29.0,25.0,98.0,103.0,187.0,122.0
2006-03-31,48.0,20.0,79.0,29.0,17.0,171.0,27.0,25.0,96.0,102.0,189.0,121.0
2006-04-28,47.0,19.0,82.0,29.0,17.0,169.0,29.0,25.0,96.0,99.0,189.0,122.0
2006-05-31,48.0,21.0,80.0,31.0,17.0,166.0,27.0,25.0,95.0,103.0,188.0,122.0
2006-06-30,44.0,22.0,78.0,32.0,18.0,161.0,29.0,24.0,92.0,104.0,186.0,121.0
2006-07-31,45.0,22.0,81.0,34.0,18.0,163.0,30.0,24.0,93.0,106.0,187.0,123.0
2006-08-31,46.0,21.0,81.0,33.0,19.0,160.0,29.0,23.0,94.0,106.0,186.0,121.0
2006-09-29,45.0,22.0,79.0,34.0,19.0,160.0,28.0,24.0,94.0,107.0,189.0,121.0
2006-10-31,46.0,22.0,79.0,34.0,19.0,161.0,30.0,24.0,93.0,108.0,188.0,122.0
2006-11-30,46.0,22.0,80.0,34.0,20.0,161.0,30.0,24.0,90.0,105.0,188.0,122.0
2006-12-29,45.0,21.0,77.0,35.0,19.0,158.0,30.0,24.0,92.0,106.0,188.0,121.0
2007-01-31,45.0,21.0,78.0,35.0,20.0,156.0,28.0,24.0,93.0,105.0,188.0,120.0
2007-02-28,44.0,21.0,77.0,34.0,19.0,157.0,30.0,24.0,92.0,105.0,188.0,121.0
2007-03-30,45.0,21.0,74.0,35.0,19.0,157.0,29.0,24.0,93.0,104.0,185.0,120.0
2007-04-30,44.0,21.0,78.0,35.0,20.0,154.0,29.0,24.0,94.0,105.0,184.0,123.0
2007-05-31,45.0,21.0,77.0,35.0,20.0,154.0,29.0,22.0,91.0,107.0,188.0,122.0
2007-06-29,45.0,21.0,75.0,35.0,20.0,154.0,30.0,23.0,92.0,106.0,185.0,122.0
2007-07-31,44.0,21.0,77.0,34.0,20.0,153.0,30.0,23.0,91.0,103.0,179.0,122.0
2007-08-31,45.0,21.0,77.0,35.0,20.0,153.0,28.0,23.0,92.0,106.0,185.0,119.0
2007-09-28,44.0,20.0,76.0,35.0,20.0,150.0,30.0,23.0,91.0,105.0,184.0,121.0
2007-10-31,44.0,20.0,78.0,35.0,21.0,148.0,31.0,22.0,88.0,106.0,183.0,120.0
2007-11-30,44.0,21.0,77.0,34.0,21.0,150.0,30.0,22.0,89.0,104.0,186.0,117.0
2007-12-31,42.0,20.0,73.0,34.0,21.0,152.0,30.0,23.0,87.0,106.0,187.0,119.0
2008-01-31,44.0,19.0,78.0,35.0,20.0,152.0,30.0,23.0,86.0,106.0,187.0,119.0
2008-02-29,44.0,20.0,78.0,34.0,20.0,152.0,28.0,24.0,86.0,106.0,182.0,121.0
2008-03-31,44.0,20.0,76.0,36.0,20.0,150.0,28.0,23.0,87.0,104.0,184.0,121.0
2008-04-30,45.0,20.0,76.0,36.0,20.0,149.0,27.0,23.0,86.0,107.0,185.0,121.0
2008-05-30,44.0,19.0,76.0,36.0,20.0,150.0,28.0,23.0,85.0,106.0,186.0,121.0
2008-06-30,43.0,20.0,74.0,36.0,20.0,149.0,27.0,23.0,83.0,106.0,176.0,120.0
2008-07-31,43.0,20.0,76.0,36.0,20.0,148.0,26.0,23.0,84.0,106.0,178.0,120.0
2008-08-29,44.0,20.0,76.0,37.0,20.0,146.0,25.0,23.0,83.0,105.0,182.0,121.0
2008-09-30,43.0,21.0,76.0,36.0,20.0,144.0,27.0,23.0,82.0,104.0,173.0,120.0
2008-10-31,43.0,19.0,76.0,36.0,20.0,142.0,26.0,23.0,83.0,101.0,171.0,118.0
2008-11-28,40.0,19.0,75.0,36.0,20.0,133.0,25.0,23.0,81.0,98.0,164.0,115.0
2008-12-31,41.0,19.0,76.0,36.0,19.0,135.0,26.0,23.0,80.0,97.0,166.0,117.0
2009-01-30,41.0,19.0,76.0,36.0,18.0,136.0,26.0,22.0,79.0,96.0,153.0,117.0
2009-02-27,42.0,19.0,74.0,35.0,19.0,132.0,27.0,22.0,78.0,98.0,152.0,116.0
2009-03-31,41.0,18.0,74.0,36.0,19.0,137.0,27.0,22.0,79.0,96.0,158.0,117.0
2009-04-30,42.0,19.0,74.0,35.0,18.0,137.0,28.0,22.0,79.0,97.0,161.0,119.0
2009-05-29,42.0,18.0,72.0,35.0,19.0,136.0,28.0,22.0,79.0,97.0,163.0,118.0
2009-06-30,42.0,18.0,73.0,34.0,19.0,135.0,28.0,22.0,79.0,94.0,163.0,118.0
2009-07-31,42.0,19.0,72.0,34.0,19.0,134.0,26.0,22.0,79.0,94.0,166.0,117.0
2009-08-31,42.0,18.0,72.0,35.0,19.0,133.0,27.0,22.0,78.0,94.0,164.0,117.0
2009-09-30,42.0,18.0,72.0,35.0,19.0,133.0,27.0,22.0,76.0,93.0,164.0,118.0
2009-10-30,42.0,18.0,71.0,34.0,19.0,132.0,26.0,22.0,76.0,89.0,159.0,117.0
2009-11-30,42.0,18.0,72.0,35.0,18.0,131.0,25.0,22.0,76.0,88.0,158.0,118.0
2009-12-31,42.0,18.0,71.0,34.0,18.0,130.0,25.0,22.0,75.0,89.0,157.0,117.0
2010-01-29,42.0,18.0,71.0,34.0,19.0,129.0,25.0,22.0,75.0,90.0,158.0,115.0
2010-02-26,42.0,18.0,71.0,33.0,19.0,127.0,25.0,22.0,75.0,90.0,157.0,116.0
2010-03-31,40.0,18.0,69.0,34.0,18.0,128.0,24.0,22.0,76.0,88.0,157.0,119.0
2010-04-30,41.0,18.0,71.0,31.0,17.0,127.0,24.0,22.0,76.0,88.0,156.0,119.0
2010-05-28,41.0,18.0,71.0,34.0,19.0,126.0,25.0,22.0,76.0,88.0,155.0,119.0
2010-06-30,42.0,18.0,71.0,33.0,18.0,125.0,24.0,22.0,75.0,87.0,152.0,120.0
2010-07-30,42.0,18.0,71.0,33.0,18.0,124.0,22.0,22.0,76.0,88.0,154.0,121.0
2010-08-31,42.0,18.0,70.0,33.0,18.0,126.0,23.0,22.0,75.0,87.0,153.0,122.0
2010-09-30,42.0,18.0,72.0,33.0,18.0,126.0,23.0,22.0,74.0,85.0,154.0,123.0
2010-10-29,41.0,18.0,72.0,32.0,18.0,125.0,23.0,22.0,75.0,86.0,153.0,123.0
2010-11-30,41.0,18.0,70.0,33.0,18.0,125.0,23.0,22.0,75.0,83.0,154.0,127.0
2010-12-31,40.0,18.0,72.0,32.0,18.0,124.0,23.0,22.0,73.0,84.0,155.0,125.0
2011-01-31,41.0,18.0,71.0,32.0,18.0,121.0,22.0,21.0,74.0,82.0,154.0,126.0
2011-02-28,41.0,18.0,69.0,32.0,18.0,122.0,22.0,21.0,73.0,82.0,152.0,127.0
2011-03-31,39.0,17.0,70.0,32.0,18.0,120.0,22.0,21.0,72.0,81.0,150.0,128.0
2011-04-29,40.0,18.0,69.0,32.0,17.0,120.0,21.0,21.0,72.0,80.0,150.0,128.0
2011-05-31,40.0,18.0,70.0,33.0,17.0,119.0,21.0,21.0,71.0,81.0,149.0,124.0
2011-06-30,37.0,18.0,68.0,32.0,17.0,120.0,22.0,22.0,71.0,82.0,149.0,124.0
2011-07-29,37.0,18.0,67.0,32.0,16.0,119.0,21.0,22.0,71.0,82.0,147.0,125.0
2011-08-31,37.0,18.0,68.0,32.0,16.0,119.0,21.0,22.0,71.0,83.0,146.0,125.0
2011-09-30,37.0,18.0,68.0,32.0,15.0,117.0,22.0,22.0,71.0,82.0,144.0,125.0
2011-10-31,37.0,18.0,68.0,32.0,16.0,118.0,20.0,22.0,70.0,81.0,144.0,126.0
2011-11-30,37.0,18.0,65.0,32.0,16.0,117.0,20.0,22.0,71.0,81.0,144.0,126.0
2011-12-30,37.0,17.0,68.0,32.0,16.0,116.0,20.0,22.0,69.0,80.0,144.0,128.0
2012-01-31,36.0,17.0,67.0,32.0,16.0,116.0,20.0,22.0,69.0,79.0,143.0,129.0
2012-02-29,36.0,17.0,65.0,32.0,16.0,113.0,20.0,21.0,68.0,80.0,144.0,129.0
2012-03-30,36.0,17.0,67.0,31.0,16.0,114.0,20.0,20.0,68.0,79.0,140.0,130.0
2012-04-30,36.0,18.0,67.0,31.0,16.0,114.0,20.0,21.0,66.0,77.0,142.0,131.0
2012-05-31,36.0,17.0,66.0,32.0,16.0,112.0,20.0,18.0,67.0,77.0,141.0,131.0
2012-06-29,36.0,17.0,65.0,33.0,16.0,112.0,21.0,21.0,66.0,77.0,141.0,132.0
2012-07-31,36.0,18.0,65.0,32.0,16.0,112.0,21.0,19.0,67.0,76.0,138.0,131.0
2012-08-31,36.0,18.0,66.0,33.0,16.0,113.0,20.0,20.0,64.0,74.0,139.0,133.0
2012-09-28,36.0,18.0,66.0,32.0,16.0,112.0,20.0,20.0,64.0,75.0,138.0,134.0
2012-10-31,36.0,18.0,65.0,33.0,16.0,110.0,20.0,20.0,65.0,74.0,138.0,134.0
2012-11-30,35.0,18.0,66.0,32.0,17.0,110.0,21.0,20.0,65.0,75.0,138.0,134.0
2012-12-31,34.0,19.0,65.0,32.0,17.0,110.0,20.0,20.0,67.0,74.0,133.0,131.0
2013-01-31,35.0,17.0,64.0,32.0,16.0,108.0,21.0,20.0,65.0,72.0,136.0,136.0
2013-02-28,35.0,17.0,63.0,31.0,16.0,109.0,21.0,20.0,64.0,72.0,136.0,135.0
2013-03-28,34.0,17.0,64.0,31.0,16.0,108.0,21.0,20.0,64.0,72.0,135.0,139.0
2013-04-30,34.0,17.0,64.0,32.0,16.0,107.0,21.0,20.0,64.0,72.0,136.0,139.0
2013-05-31,33.0,17.0,61.0,30.0,17.0,108.0,20.0,20.0,63.0,71.0,134.0,140.0
2013-06-28,33.0,17.0,62.0,32.0,17.0,107.0,18.0,20.0,63.0,72.0,134.0,138.0
2013-07-31,33.0,17.0,62.0,31.0,17.0,106.0,19.0,20.0,63.0,72.0,134.0,140.0
2013-08-30,33.0,17.0,63.0,31.0,17.0,107.0,20.0,20.0,62.0,73.0,134.0,141.0
2013-09-30,32.0,16.0,62.0,31.0,17.0,105.0,20.0,20.0,62.0,72.0,134.0,143.0
2013-10-31,32.0,16.0,62.0,31.0,17.0,104.0,20.0,20.0,63.0,72.0,134.0,144.0
2013-11-29,33.0,16.0,62.0,31.0,17.0,106.0,20.0,20.0,62.0,72.0,131.0,146.0
2013-12-31,32.0,16.0,62.0,31.0,17.0,106.0,21.0,20.0,61.0,71.0,132.0,148.0
2014-01-31,32.0,16.0,62.0,29.0,16.0,105.0,20.0,19.0,62.0,67.0,132.0,149.0
2014-02-28,33.0,16.0,63.0,30.0,17.0,104.0,20.0,20.0,61.0,70.0,133.0,155.0
2014-03-31,32.0,15.0,62.0,30.0,17.0,104.0,21.0,20.0,61.0,70.0,132.0,155.0
2014-04-30,32.0,16.0,61.0,30.0,17.0,105.0,21.0,19.0,61.0,70.0,132.0,159.0
2014-05-30,33.0,16.0,60.0,31.0,17.0,103.0,21.0,19.0,61.0,70.0,133.0,158.0
2014-06-30,33.0,16.0,60.0,31.0,17.0,105.0,21.0,19.0,60.0,70.0,132.0,160.0
2014-07-31,32.0,16.0,61.0,30.0,17.0,105.0,21.0,19.0,61.0,69.0,131.0,162.0
2014-08-29,33.0,16.0,60.0,30.0,17.0,105.0,21.0,19.0,62.0,69.0,131.0,166.0
2014-09-30,33.0,16.0,61.0,31.0,17.0,106.0,21.0,20.0,61.0,69.0,131.0,167.0
2014-10-31,33.0,16.0,61.0,31.0,17.0,104.0,20.0,19.0,61.0,70.0,132.0,168.0
2014-11-28,33.0,16.0,60.0,32.0,17.0,103.0,20.0,19.0,62.0,71.0,134.0,169.0
2014-12-31,33.0,16.0,60.0,31.0,17.0,103.0,21.0,19.0,62.0,71.0,131.0,173.0
2015-01-30,33.0,16.0,60.0,32.0,17.0,102.0,20.0,19.0,59.0,68.0,133.0,174.0
2015-02-27,33.0,16.0,60.0,31.0,16.0,103.0,20.0,19.0,59.0,69.0,131.0,174.0
2015-03-31,33.0,16.0,61.0,31.0,16.0,102.0,21.0,20.0,60.0,66.0,132.0,178.0
2015-04-30,33.0,14.0,60.0,30.0,16.0,102.0,20.0,19.0,61.0,68.0,131.0,184.0
2015-05-29,32.0,15.0,60.0,31.0,16.0,102.0,21.0,20.0,61.0,67.0,131.0,185.0
2015-06-30,30.0,16.0,60.0,30.0,16.0,100.0,21.0,19.0,60.0,69.0,131.0,184.0
2015-07-31,32.0,16.0,57.0,30.0,16.0,100.0,19.0,19.0,60.0,70.0,131.0,181.0
2015-08-31,32.0,16.0,58.0,29.0,16.0,100.0,21.0,19.0,61.0,71.0,131.0,184.0
2015-09-30,32.0,16.0,58.0,29.0,15.0,100.0,21.0,19.0,61.0,69.0,129.0,186.0
2015-10-30,32.0,16.0,58.0,29.0,15.0,100.0,21.0,19.0,61.0,70.0,130.0,183.0
2015-11-30,32.0,16.0,58.0,29.0,15.0,98.0,21.0,19.0,62.0,68.0,128.0,188.0
2015-12-31,33.0,16.0,57.0,29.0,16.0,98.0,20.0,20.0,62.0,69.0,128.0,192.0
2016-01-29,32.0,15.0,58.0,29.0,16.0,99.0,21.0,19.0,61.0,69.0,125.0,190.0
2016-02-29,32.0,16.0,56.0,27.0,16.0,95.0,20.0,19.0,61.0,68.0,127.0,195.0
2016-03-31,31.0,15.0,57.0,28.0,16.0,95.0,20.0,19.0,61.0,68.0,124.0,196.0
2016-04-29,31.0,15.0,53.0,27.0,16.0,94.0,20.0,19.0,61.0,68.0,126.0,191.0
2016-05-31,28.0,15.0,56.0,27.0,15.0,95.0,19.0,19.0,59.0,68.0,128.0,197.0
2016-06-30,31.0,15.0,55.0,27.0,15.0,97.0,19.0,19.0,61.0,66.0,124.0,195.0
2016-07-29,31.0,15.0,56.0,27.0,16.0,95.0,20.0,19.0,61.0,67.0,123.0,196.0
2016-08-31,31.0,15.0,55.0,26.0,16.0,95.0,19.0,18.0,60.0,66.0,120.0,194.0
2016-09-30,31.0,15.0,54.0,26.0,15.0,93.0,19.0,18.0,60.0,65.0,121.0,192.0
2016-10-31,31.0,15.0,55.0,26.0,15.0,93.0,19.0,19.0,61.0,65.0,123.0,195.0
2016-11-30,30.0,15.0,55.0,26.0,16.0,91.0,19.0,18.0,61.0,65.0,122.0,196.0
2016-12-30,31.0,14.0,56.0,27.0,16.0,91.0,19.0,18.0,60.0,64.0,122.0,195.0
2017-01-31,31.0,13.0,54.0,27.0,16.0,92.0,18.0,18.0,62.0,62.0,119.0,194.0
2017-02-28,31.0,13.0,54.0,28.0,16.0,91.0,18.0,16.0,62.0,64.0,122.0,195.0
2017-03-31,31.0,13.0,55.0,28.0,16.0,87.0,18.0,17.0,61.0,64.0,121.0,200.0
2017-04-28,29.0,14.0,52.0,28.0,16.0,89.0,18.0,17.0,61.0,64.0,120.0,199.0
2017-05-31,30.0,13.0,53.0,28.0,16.0,88.0,18.0,17.0,61.0,63.0,120.0,200.0
2017-06-30,29.0,14.0,52.0,28.0,16.0,87.0,17.0,17.0,60.0,63.0,118.0,202.0
2017-07-31,28.0,14.0,52.0,28.0,16.0,87.0,17.0,17.0,58.0,63.0,118.0,203.0
2017-08-31,29.0,14.0,52.0,28.0,16.0,88.0,18.0,17.0,59.0,63.0,114.0,206.0
2017-09-29,29.0,13.0,53.0,29.0,14.0,86.0,17.0,17.0,59.0,62.0,118.0,207.0
2017-10-31,29.0,13.0,53.0,29.0,16.0,86.0,18.0,17.0,58.0,61.0,118.0,207.0
2017-11-30,29.0,14.0,53.0,28.0,16.0,86.0,16.0,17.0,60.0,61.0,118.0,207.0
2017-12-29,29.0,13.0,53.0,28.0,16.0,86.0,18.0,17.0,59.0,58.0,117.0,209.0
2018-01-31,29.0,12.0,53.0,28.0,16.0,86.0,17.0,17.0,60.0,60.0,115.0,209.0
2018-02-28,29.0,13.0,53.0,27.0,16.0,85.0,17.0,17.0,59.0,60.0,116.0,207.0
2018-03-29,30.0,13.0,53.0,28.0,16.0,85.0,16.0,17.0,59.0,60.0,114.0,209.0
2018-04-30,28.0,13.0,53.0,27.0,15.0,86.0,16.0,16.0,59.0,60.0,115.0,214.0
2018-05-31,28.0,12.0,53.0,27.0,16.0,85.0,16.0,16.0,59.0,59.0,115.0,216.0
2018-06-29,28.0,13.0,52.0,27.0,15.0,84.0,16.0,16.0,59.0,59.0,114.0,213.0
2018-07-31,26.0,13.0,52.0,28.0,15.0,83.0,16.0,16.0,59.0,59.0,114.0,218.0
2018-08-31,28.0,13.0,53.0,28.0,16.0,84.0,16.0,16.0,59.0,59.0,114.0,220.0
2018-09-28,28.0,13.0,53.0,28.0,16.0,84.0,16.0,16.0,59.0,59.0,113.0,218.0
2018-10-31,28.0,13.0,53.0,26.0,15.0,84.0,16.0,16.0,57.0,58.0,113.0,221.0
2018-11-30,28.0,13.0,50.0,26.0,16.0,82.0,16.0,16.0,59.0,59.0,113.0,228.0
2018-12-31,28.0,13.0,51.0,26.0,15.0,80.0,16.0,16.0,58.0,56.0,112.0,230.0
2019-01-31,28.0,14.0,51.0,26.0,15.0,81.0,16.0,16.0,58.0,58.0,111.0,230.0
2019-02-28,28.0,13.0,52.0,26.0,15.0,81.0,16.0,16.0,58.0,58.0,112.0,227.0
2019-03-29,25.0,13.0,51.0,27.0,15.0,82.0,16.0,15.0,58.0,58.0,111.0,234.0
2019-04-30,28.0,13.0,51.0,26.0,15.0,80.0,15.0,16.0,58.0,58.0,110.0,233.0
2019-05-31,28.0,13.0,52.0,26.0,15.0,80.0,15.0,16.0,57.0,57.0,111.0,234.0
2019-06-28,28.0,13.0,52.0,25.0,15.0,81.0,15.0,15.0,57.0,57.0,109.0,235.0
2019-07-31,28.0,13.0,52.0,25.0,15.0,78.0,15.0,15.0,57.0,56.0,108.0,237.0
2019-08-30,28.0,14.0,51.0,23.0,14.0,79.0,15.0,16.0,57.0,57.0,108.0,238.0
2019-09-30,27.0,14.0,51.0,25.0,14.0,79.0,15.0,16.0,58.0,58.0,108.0,236.0
2019-10-31,27.0,14.0,51.0,25.0,14.0,78.0,15.0,16.0,58.0,58.0,108.0,238.0
2019-11-29,28.0,14.0,52.0,24.0,11.0,78.0,15.0,15.0,58.0,58.0,109.0,241.0
2019-12-31,27.0,14.0,51.0,24.0,14.0,78.0,14.0,16.0,58.0,58.0,107.0,243.0
2020-01-31,27.0,14.0,51.0,23.0,14.0,78.0,15.0,16.0,58.0,57.0,106.0,243.0
2020-02-28,27.0,14.0,50.0,23.0,14.0,78.0,15.0,15.0,57.0,57.0,109.0,245.0
2020-03-31,27.0,14.0,51.0,23.0,14.0,79.0,15.0,16.0,56.0,57.0,107.0,244.0
2020-04-30,27.0,14.0,50.0,24.0,14.0,77.0,15.0,16.0,56.0,57.0,107.0,245.0
2020-05-29,27.0,12.0,50.0,24.0,14.0,78.0,15.0,15.0,56.0,57.0,106.0,246.0
2020-06-30,27.0,13.0,50.0,23.0,14.0,78.0,15.0,15.0,56.0,57.0,106.0,249.0
2020-07-31,27.0,13.0,49.0,23.0,14.0,78.0,15.0,15.0,55.0,57.0,106.0,248.0
2020-08-31,28.0,13.0,49.0,22.0,14.0,77.0,15.0,15.0,54.0,56.0,104.0,248.0
2020-09-30,27.0,13.0,49.0,23.0,14.0,78.0,16.0,15.0,54.0,56.0,105.0,250.0
2020-10-30,26.0,13.0,49.0,21.0,13.0,78.0,15.0,15.0,54.0,56.0,103.0,246.0
2020-11-30,25.0,13.0,50.0,21.0,14.0,78.0,15.0,15.0,56.0,56.0,107.0,252.0
2020-12-31,26.0,13.0,50.0,20.0,14.0,77.0,15.0,15.0,55.0,56.0,106.0,256.0
2021-01-29,26.0,13.0,50.0,17.0,14.0,77.0,15.0,15.0,53.0,55.0,106.0,262.0
2021-02-26,27.0,13.0,50.0,20.0,13.0,78.0,15.0,15.0,54.0,55.0,109.0,268.0
2021-03-31,27.0,14.0,49.0,19.0,13.0,78.0,15.0,15.0,52.0,55.0,107.0,275.0
2021-04-30,27.0,13.0,51.0,20.0,13.0,79.0,15.0,15.0,52.0,54.0,111.0,279.0
2021-05-28,26.0,13.0,50.0,20.0,14.0,78.0,14.0,15.0,53.0,54.0,112.0,287.0
2021-06-30,26.0,13.0,51.0,19.0,13.0,77.0,14.0,15.0,52.0,54.0,112.0,292.0
2021-07-30,26.0,13.0,51.0,19.0,13.0,75.0,14.0,15.0,52.0,53.0,114.0,301.0
2021-08-31,27.0,13.0,51.0,20.0,13.0,77.0,14.0,15.0,51.0,55.0,117.0,315.0
2021-09-30,26.0,13.0,51.0,18.0,13.0,78.0,14.0,15.0,51.0,55.0,122.0,329.0
2021-10-29,26.0,13.0,51.0,20.0,13.0,79.0,14.0,15.0,52.0,55.0,122.0,335.0
2021-11-30,26.0,13.0,51.0,19.0,13.0,79.0,14.0,15.0,53.0,55.0,125.0,341.0
2021-12-31,28.0,13.0,51.0,20.0,13.0,80.0,14.0,15.0,52.0,55.0,123.0,347.0
2022-01-31,27.0,14.0,51.0,19.0,13.0,80.0,14.0,15.0,52.0,55.0,122.0,352.0
2022-02-28,27.0,14.0,51.0,18.0,13.0,80.0,14.0,15.0,53.0,55.0,123.0,359.0
2022-03-31,27.0,14.0,51.0,19.0,13.0,79.0,14.0,15.0,53.0,54.0,125.0,362.0
2022-04-29,27.0,14.0,51.0,19.0,13.0,82.0,12.0,15.0,53.0,55.0,120.0,373.0
2022-05-31,27.0,14.0,51.0,19.0,13.0,82.0,13.0,15.0,54.0,55.0,125.0,375.0
2022-06-30,27.0,14.0,51.0,20.0,13.0,80.0,13.0,15.0,53.0,55.0,124.0,378.0
2022-07-29,27.0,14.0,51.0,20.0,13.0,80.0,13.0,15.0,53.0,55.0,126.0,383.0
2022-08-31,27.0,14.0,50.0,20.0,13.0,80.0,13.0,15.0,53.0,55.0,126.0,386.0
2022-09-30,27.0,14.0,50.0,19.0,13.0,79.0,13.0,15.0,53.0,54.0,128.0,389.0
2022-10-31,27.0,14.0,51.0,20.0,12.0,78.0,13.0,15.0,53.0,54.0,124.0,388.0
2022-11-30,27.0,14.0,51.0,20.0,12.0,77.0,13.0,15.0,54.0,53.0,125.0,388.0
2022-12-30,26.0,14.0,51.0,20.0,12.0,78.0,13.0,15.0,53.0,52.0,122.0,389.0
2023-01-31,26.0,14.0,51.0,20.0,12.0,77.0,13.0,15.0,52.0,54.0,120.0,381.0
2023-02-28,26.0,12.0,50.0,20.0,12.0,78.0,13.0,15.0,52.0,53.0,118.0,379.0
2023-03-31,26.0,13.0,51.0,18.0,12.0,78.0,12.0,15.0,53.0,53.0,116.0,371.0
2023-04-28,25.0,13.0,50.0,20.0,12.0,78.0,12.0,15.0,52.0,52.0,116.0,375.0
2023-05-31,25.0,13.0,50.0,20.0,12.0,78.0,12.0,15.0,52.0,52.0,116.0,368.0
2023-06-30,25.0,13.0,50.0,20.0,12.0,78.0,11.0,15.0,52.0,51.0,118.0,370.0
2023-07-31,25.0,13.0,50.0,20.0,12.0,77.0,11.0,15.0,51.0,51.0,117.0,370.0
2023-08-31,26.0,13.0,49.0,21.0,12.0,77.0,11.0,15.0,51.0,51.0,116.0,363.0
2023-09-29,26.0,13.0,50.0,20.0,12.0,77.0,11.0,15.0,51.0,51.0,113.0,361.0
2023-10-31,26.0,13.0,50.0,20.0,13.0,75.0,12.0,15.0,51.0,50.0,112.0,360.0
2023-11-30,26.0,13.0,49.0,21.0,13.0,75.0,12.0,15.0,52.0,49.0,113.0,356.0
2023-12-29,26.0,13.0,49.0,20.0,13.0,75.0,12.0,15.0,51.0,48.0,110.0,360.0
2024-01-31,26.0,13.0,49.0,20.0,13.0,74.0,11.0,15.0,51.0,48.0,111.0,354.0
2024-02-29,26.0,12.0,49.0,19.0,12.0,74.0,12.0,15.0,51.0,47.0,110.0,357.0
2024-03-28,26.0,13.0,49.0,20.0,12.0,74.0,12.0,15.0,51.0,47.0,110.0,347.0
2024-04-30,26.0,13.0,47.0,20.0,12.0,74.0,11.0,15.0,51.0,47.0,107.0,348.0
2024-05-31,26.0,13.0,49.0,18.0,12.0,74.0,11.0,15.0,50.0,47.0,108.0,344.0
2024-06-28,26.0,13.0,49.0,20.0,12.0,74.0,10.0,16.0,49.0,47.0,104.0,348.0
2024-07-31,26.0,13.0,47.0,20.0,12.0,75.0,11.0,15.0,49.0,47.0,106.0,347.0
2024-08-30,26.0,13.0,48.0,19.0,12.0,75.0,11.0,15.0,49.0,47.0,105.0,341.0
2024-09-30,26.0,13.0,48.0,19.0,12.0,75.0,10.0,15.0,48.0,47.0,104.0,341.0
2024-10-31,26.0,13.0,48.0,19.0,12.0,75.0,10.0,15.0,48.0,47.0,103.0,341.0
2024-11-29,25.0,13.0,48.0,17.0,12.0,74.0,10.0,15.0,48.0,47.0,102.0,333.0
2024-12-31,25.0,13.0,47.0,19.0,12.0,74.0,10.0,16.0,48.0,46.0,102.0,338.0
